Workbook

Sheet CALENDARIO 2020
B1: CALENDARIO 2020
B2: 43831
C3: Mi | D3: Ju | E3: Vi | F3: Sá | G3: Do | H3: Lu | I3: Ma | J3: Mi | K3: Ju | L3: Vi | M3: Sá | N3: Do | O3: Lu | P3: Ma | Q3: Mi | R3: Ju | S3: Vi | T3: Sá | U3: Do | V3: Lu | W3: Ma | X3: Mi | Y3: Ju | Z3: Vi | AA3: Sá | AB3: Do | AC3: Lu | AD3: Ma | AE3: Mi | AF3: Ju | AG3: Vi
B4: VANE1 | C4: 1 | D4: 2 | E4: 3 | F4: 4 | G4: 5 | H4: 6 | I4: 7 | J4: 8 | K4: 9 | L4: 10 | M4: 11 | N4: 12 | O4: 13 | P4: 14 | Q4: 15 | R4: 16 | S4: 17 | T4: 18 | U4: 19 | V4: V | W4: 21 | X4: 22 | Y4: 23 | Z4: 24 | AA4: 25 | AB4: 26 | AC4: V | AD4: 28 | AE4: 29 | AF4: 30 | AG4: 31
B5: VANE2 | C5: 1 | D5: V | E5: V | F5: 4 | G5: 5 | H5: 6 | I5: V | J5: 8 | K5: 9 | L5: 10 | M5: 11 | N5: 12 | O5: 13 | P5: 14 | Q5: 15 | R5: 16 | S5: 17 | T5: 18 | U5: 19 | V5: 20 | W5: 21 | X5: 22 | Y5: 23 | Z5: 24 | AA5: 25 | AB5: 26 | AC5: 27 | AD5: 28 | AE5: 29 | AF5: 30 | AG5: 31
B6: ISRA | C6: 1 | D6: P | E6: P | F6: 4 | G6: 5 | H6: 6 | I6: P | J6: P | K6: P | L6: LDP | M6: 11 | N6: 12 | O6: 13 | P6: 14 | Q6: G | R6: G | S6: G | T6: G | U6: G | V6: G | W6: G | X6: 22 | Y6: 23 | Z6: 24 | AA6: 25 | AB6: 26 | AC6: 27 | AD6: 28 | AE6: 29 | AF6: 30 | AG6: 31
B7: CHEMA | C7: 1 | D7: V | E7: V | F7: 4 | G7: 5 | H7: 6 | I7: 7 | J7: G | K7: G | L7: G | M7: G | N7: G | O7: G | P7: G | Q7: 15 | R7: 16 | S7: 17 | T7: 18 | U7: 19 | V7: 20 | W7: 21 | X7: 22 | Y7: 23 | Z7: 24 | AA7: 25 | AB7: 26 | AC7: 27 | AD7: 28 | AE7: G | AF7: G | AG7: G
B8: FERNANDO LANGREO | C8: 1 | D8: 2 | E8: 3 | F8: 4 | G8: 5 | H8: 6 | I8: 7 | J8: 8 | K8: 9 | L8: 10 | M8: 11 | N8: 12 | O8: 13 | P8: 14 | Q8: 15 | R8: 16 | S8: T | T8: 18 | U8: 19 | V8: 20 | W8: 21 | X8: 22 | Y8: 23 | Z8: 24 | AA8: 25 | AB8: 26 | AC8: 27 | AD8: 28 | AE8: 29 | AF8: 30 | AG8: T
B9: DANI | C9: 1 | D9: 2 | E9: 3 | F9: 4 | G9: 5 | H9: 6 | I9: V | J9: 8 | K9: 9 | L9: 10 | M9: 11 | N9: 12 | O9: 13 | P9: 14 | Q9: 15 | R9: 16 | S9: 17 | T9: 18 | U9: 19 | V9: 20 | W9: 21 | X9: 22 | Y9: 23 | Z9: 24 | AA9: 25 | AB9: 26 | AC9: 27 | AD9: 28 | AE9: 29 | AF9: 30 | AG9: 31
B10: FERNANDO RUBIO | C10: 1 | D10: V | E10: V | F10: 4 | G10: 5 | H10: 6 | I10: 7 | J10: 8 | K10: 9 | L10: 10 | M10: 11 | N10: 12 | O10: 13 | P10: 14 | Q10: 15 | R10: 16 | S10: 17 | T10: 18 | U10: 19 | V10: 20 | W10: 21 | X10: 22 | Y10: 23 | Z10: 24 | AA10: 25 | AB10: 26 | AC10: 27 | AD10: 28 | AE10: 29 | AF10: 30 | AG10: 31
B11: JORGE AMARILLAS | C11: G | D11: G | E11: G | F11: G | G11: G | H11: G | I11: G | J11: 8 | K11: 9 | L11: 10 | M11: 11 | N11: 12 | O11: 13 | P11: 14 | Q11: 15 | R11: 16 | S11: 17 | T11: 18 | U11: 19 | V11: V | W11: V | X11: G | Y11: G | Z11: G | AA11: G | AB11: G | AC11: G | AD11: G | AE11: 29 | AF11: 30 | AG11: 31
B12: EDUARDO | C12: 1 | D12: V | E12: V | F12: 4 | G12: 5 | H12: 6 | I12: 7 | J12: 8 | K12: 9 | L12: 10 | M12: 11 | N12: 12 | O12: 13 | P12: 14 | Q12: 15 | R12: 16 | S12: 17 | T12: 18 | U12: 19 | V12: 20 | W12: 21 | X12: 22 | Y12: 23 | Z12: T | AA12: 25 | AB12: 26 | AC12: 27 | AD12: 28 | AE12: 29 | AF12: V | AG12: 31
B14: 43862
C15: Sá | D15: Do | E15: Lu | F15: Ma | G15: Mi | H15: Ju | I15: Vi | J15: Sá | K15: Do | L15: Lu | M15: Ma | N15: Mi | O15: Ju | P15: Vi | Q15: Sá | R15: Do | S15: Lu | T15: Ma | U15: Mi | V15: Ju | W15: Vi | X15: Sá | Y15: Do | Z15: Lu | AA15: Ma | AB15: Mi | AC15: Ju | AD15: Vi | AE15: Sá
B16: VANE 1 | C16: 1 | D16: 2 | E16: 3 | F16: 4 | G16: 5 | H16: 6 | I16: 7 | J16: 8 | K16: 9 | L16: V | M16: V | N16: 12 | O16: 13 | P16: 14 | Q16: 15 | R16: 16 | S16: 17 | T16: 18 | U16: 19 | V16: 20 | W16: 21 | X16: 22 | Y16: 23 | Z16: 24 | AA16: 25 | AB16: 26 | AC16: 27 | AD16: 28 | AE16: 29
B17: VANE 2 | C17: 1 | D17: 2 | E17: V | F17: 4 | G17: 5 | H17: 6 | I17: 7 | J17: 8 | K17: 9 | L17: 10 | M17: 11 | N17: 12 | O17: 13 | P17: 14 | Q17: 15 | R17: 16 | S17: 17 | T17: V | U17: 19 | V17: 20 | W17: 21 | X17: 22 | Y17: 23 | Z17: 24 | AA17: 25 | AB17: 26 | AC17: 27 | AD17: 28 | AE17: 29
B18: ISRAEL HURTADO | C18: 1 | D18: 2 | E18: 3 | F18: 4 | G18: G | H18: G | I18: G | J18: G | K18: G | L18: G | M18: G | N18: 12 | O18: 13 | P18: 14 | Q18: 15 | R18: 16 | S18: 17 | T18: 18 | U18: 19 | V18: 20 | W18: 21 | X18: 22 | Y18: 23 | Z18: 24 | AA18: 25 | AB18: G | AC18: G | AD18: G | AE18: G
B19: CHEMA | C19: G | D19: G | E19: G | F19: G | G19: 5 | H19: 6 | I19: 7 | J19: 8 | K19: 9 | L19: 10 | M19: 11 | N19: 12 | O19: 13 | P19: 14 | Q19: 15 | R19: 16 | S19: 17 | T19: 18 | U19: G | V19: G | W19: G | X19: G | Y19: G | Z19: G | AA19: G | AB19: 26 | AC19: 27 | AD19: 28 | AE19: 29
B20: FERNANDO LANGREO | C20: 1 | D20: 2 | E20: 3 | F20: 4 | G20: 5 | H20: 6 | I20: 7 | J20: 8 | K20: 9 | L20: 10 | M20: 11 | N20: 12 | O20: 13 | P20: T | Q20: 15 | R20: 16 | S20: 17 | T20: 18 | U20: 19 | V20: 20 | W20: 21 | X20: 22 | Y20: 23 | Z20: 24 | AA20: 25 | AB20: 26 | AC20: 27 | AD20: T | AE20: 29
B21: DANI | C21: 1 | D21: 2 | E21: 3 | F21: 4 | G21: 5 | H21: 6 | I21: V | J21: 8 | K21: 9 | L21: 10 | M21: 11 | N21: 12 | O21: 13 | P21: 14 | Q21: 15 | R21: 16 | S21: 17 | T21: 18 | U21: 19 | V21: 20 | W21: 21 | X21: 22 | Y21: 23 | Z21: 24 | AA21: 25 | AB21: 26 | AC21: 27 | AD21: 28 | AE21: 29
B22: FERNANDO RUBIO | C22: 1 | D22: 2 | E22: 3 | F22: 4 | G22: 5 | H22: 6 | I22: 7 | J22: 8 | K22: 9 | L22: 10 | M22: 11 | N22: 12 | O22: 13 | P22: 14 | Q22: 15 | R22: 16 | S22: 17 | T22: 18 | U22: 19 | V22: 20 | W22: 21 | X22: 22 | Y22: 23 | Z22: 24 | AA22: 25 | AB22: 26 | AC22: 27 | AD22: 28 | AE22: 29
B23: JORGE AMARILLAS | C23: 1 | D23: 2 | E23: 3 | F23: 4 | G23: 5 | H23: 6 | I23: 7 | J23: 8 | K23: 9 | L23: 10 | M23: 11 | N23: G | O23: G | P23: G | Q23: G | R23: G | S23: G | T23: G | U23: 19 | V23: 20 | W23: 21 | X23: 22 | Y23: 23 | Z23: 24 | AA23: 25 | AB23: 26 | AC23: 27 | AD23: 28 | AE23: 29
B24: EDUARDO | C24: 1 | D24: 2 | E24: 3 | F24: 4 | G24: 5 | H24: 6 | I24: T | J24: 8 | K24: 9 | L24: 10 | M24: 11 | N24: 12 | O24: 13 | P24: 14 | Q24: 15 | R24: 16 | S24: 17 | T24: 18 | U24: 19 | V24: 20 | W24: T | X24: 22 | Y24: 23 | Z24: 24 | AA24: 25 | AB24: 26 | AC24: 27 | AD24: 28 | AE24: 29
B26: 43891
C27: Do | D27: Lu | E27: Ma | F27: Mi | G27: Ju | H27: Vi | I27: Sá | J27: Do | K27: Lu | L27: Ma | M27: Mi | N27: Ju | O27: Vi | P27: Sá | Q27: Do | R27: Lu | S27: Ma | T27: Mi | U27: Ju | V27: Vi | W27: Sá | X27: Do | Y27: Lu | Z27: Ma | AA27: Mi | AB27: Ju | AC27: Vi | AD27: Sá | AE27: Do | AF27: Lu | AG27: Ma
B28: VANE 1 | C28: 1 | D28: 2 | E28: 3 | F28: 4 | G28: 5 | H28: 6 | I28: 7 | J28: 8 | K28: 9 | L28: 10 | M28: 11 | N28: 12 | O28: 13 | P28: 14 | Q28: 15 | R28: 16 | S28: 17 | T28: 18 | U28: 19 | V28: 20 | W28: 21 | X28: 22 | Y28: 23 | Z28: 24 | AA28: 25 | AB28: 26 | AC28: 27 | AD28: 28 | AE28: 29 | AF28: 30 | AG28: 31
B29: VANE 2 | C29: 1 | D29: 2 | E29: 3 | F29: 4 | G29: 5 | H29: 6 | I29: 7 | J29: 8 | K29: 9 | L29: 10 | M29: 11 | N29: 12 | O29: 13 | P29: 14 | Q29: 15 | R29: 16 | S29: 17 | T29: 18 | U29: 19 | V29: 20 | W29: 21 | X29: 22 | Y29: 23 | Z29: 24 | AA29: 25 | AB29: 26 | AC29: 27 | AD29: 28 | AE29: 29 | AF29: 30 | AG29: 31
B30: ISRAEL HURTADO | C30: G | D30: G | E30: G | F30: 4 | G30: 5 | H30: 6 | I30: 7 | J30: 8 | K30: 9 | L30: 10 | M30: 11 | N30: 12 | O30: 13 | P30: 14 | Q30: 15 | R30: 16 | S30: 17 | T30: G | U30: G | V30: G | W30: G | X30: G | Y30: G | Z30: G | AA30: 25 | AB30: 26 | AC30: 27 | AD30: 28 | AE30: 29 | AF30: 30 | AG30: 31
B31: CHEMA | C31: 1 | D31: 2 | E31: 3 | F31: 4 | G31: 5 | H31: 6 | I31: 7 | J31: 8 | K31: 9 | L31: 10 | M31: G | N31: G | O31: G | P31: G | Q31: G | R31: G | S31: G | T31: 18 | U31: 19 | V31: 20 | W31: 21 | X31: 22 | Y31: 23 | Z31: 24 | AA31: 25 | AB31: 26 | AC31: 27 | AD31: 28 | AE31: 29 | AF31: 30 | AG31: 31
B32: FERNANDO LANGREO | C32: 1 | D32: 2 | E32: 3 | F32: 4 | G32: 5 | H32: 6 | I32: 7 | J32: 8 | K32: 9 | L32: 10 | M32: 11 | N32: 12 | O32: T | P32: 14 | Q32: 15 | R32: 16 | S32: 17 | T32: 18 | U32: 19 | V32: 20 | W32: 21 | X32: 22 | Y32: 23 | Z32: 24 | AA32: 25 | AB32: 26 | AC32: T | AD32: 28 | AE32: 29 | AF32: 30 | AG32: 31
B33: DANI | C33: 1 | D33: 2 | E33: 3 | F33: 4 | G33: 5 | H33: 6 | I33: 7 | J33: 8 | K33: 9 | L33: 10 | M33: 11 | N33: 12 | O33: 13 | P33: 14 | Q33: 15 | R33: 16 | S33: 17 | T33: 18 | U33: 19 | V33: 20 | W33: 21 | X33: 22 | Y33: 23 | Z33: 24 | AA33: 25 | AB33: 26 | AC33: 27 | AD33: 28 | AE33: 29 | AF33: 30 | AG33: 31
B34: FERNANDO RUBIO | C34: 1 | D34: 2 | E34: 3 | F34: 4 | G34: 5 | H34: 6 | I34: 7 | J34: 8 | K34: 9 | L34: 10 | M34: 11 | N34: 12 | O34: 13 | P34: 14 | Q34: 15 | R34: 16 | S34: 17 | T34: 18 | U34: 19 | V34: 20 | W34: 21 | X34: 22 | Y34: 23 | Z34: 24 | AA34: 25 | AB34: 26 | AC34: 27 | AD34: 28 | AE34: 29 | AF34: 30 | AG34: 31
B35: JORGE AMARILLAS | C35: 1 | D35: 2 | E35: 3 | F35: G | G35: G | H35: G | I35: G | J35: G | K35: G | L35: G | M35: 11 | N35: 12 | O35: 13 | P35: 14 | Q35: 15 | R35: 16 | S35: 17 | T35: 18 | U35: 19 | V35: 20 | W35: 21 | X35: 22 | Y35: 23 | Z35: 24 | AA35: G | AB35: G | AC35: G | AD35: G | AE35: G | AF35: G | AG35: G
B36: EDUARDO | C36: 1 | D36: 2 | E36: 3 | F36: 4 | G36: 5 | H36: T | I36: 7 | J36: 8 | K36: 9 | L36: 10 | M36: 11 | N36: 12 | O36: 13 | P36: 14 | Q36: 15 | R36: 16 | S36: 17 | T36: 18 | U36: 19 | V36: T | W36: 21 | X36: 22 | Y36: 23 | Z36: 24 | AA36: 25 | AB36: 26 | AC36: 27 | AD36: 28 | AE36: 29 | AF36: 30 | AG36: 31
B38: 43922
C39: Mi | D39: Ju | E39: Vi | F39: Sá | G39: Do | H39: Lu | I39: Ma | J39: Mi | K39: Ju | L39: Vi | M39: Sá | N39: Do | O39: Lu | P39: Ma | Q39: Mi | R39: Ju | S39: Vi | T39: Sá | U39: Do | V39: Lu | W39: Ma | X39: Mi | Y39: Ju | Z39: Vi | AA39: Sá | AB39: Do | AC39: Lu | AD39: Ma | AE39: Mi | AF39: Ju
B40: VANE1 | C40: 1 | D40: 2 | E40: 3 | F40: 4 | G40: 5 | H40: 6 | I40: 7 | J40: 8 | K40: 9 | L40: 10 | M40: 11 | N40: 12 | O40: 13 | P40: 14 | Q40: 15 | R40: 16 | S40: 17 | T40: 18 | U40: 19 | V40: 20 | W40: 21 | X40: 22 | Y40: 23 | Z40: 24 | AA40: 25 | AB40: 26 | AC40: 27 | AD40: 28 | AE40: V | AF40: V
B41: VANE2 | C41: 1 | D41: 2 | E41: 3 | F41: 4 | G41: 5 | H41: 6 | I41: 7 | J41: 8 | K41: 9 | L41: 10 | M41: 11 | N41: 12 | O41: 13 | P41: 14 | Q41: 15 | R41: 16 | S41: 17 | T41: 18 | U41: 19 | V41: 20 | W41: 21 | X41: 22 | Y41: 23 | Z41: 24 | AA41: 25 | AB41: 26 | AC41: 27 | AD41: 28 | AE41: 29 | AF41: 30
B42: ISRA | C42: G | D42: G | E42: G | F42: G | G42: G | H42: G | I42: G | J42: 8 | K42: 9 | L42: 10 | M42: 11 | N42: 12 | O42: 13 | P42: 14 | Q42: 15 | R42: 16 | S42: 17 | T42: 18 | U42: 19 | V42: 20 | W42: 21 | X42: G | Y42: G | Z42: G | AA42: G | AB42: G | AC42: G | AD42: G | AE42: 29 | AF42: 30
B43: CHEMA | C43: 1 | D43: 2 | E43: 3 | F43: 4 | G43: 5 | H43: 6 | I43: 7 | J43: G | K43: G | L43: G | M43: G | N43: G | O43: G | P43: G | Q43: 15 | R43: 16 | S43: 17 | T43: 18 | U43: 19 | V43: 20 | W43: 21 | X43: 22 | Y43: 23 | Z43: 24 | AA43: 25 | AB43: 26 | AC43: 27 | AD43: 28 | AE43: 29 | AF43: 30
B44: FERNANDO LANGREO | C44: 1 | D44: 2 | E44: 3 | F44: 4 | G44: 5 | H44: 6 | I44: 7 | J44: 8 | K44: 9 | L44: 10 | M44: 11 | N44: 12 | O44: 13 | P44: 14 | Q44: 15 | R44: 16 | S44: T | T44: 18 | U44: 19 | V44: 20 | W44: 21 | X44: 22 | Y44: 23 | Z44: 24 | AA44: 25 | AB44: 26 | AC44: 27 | AD44: 28 | AE44: 29 | AF44: V
B45: DANI | C45: 1 | D45: 2 | E45: 3 | F45: 4 | G45: 5 | H45: 6 | I45: 7 | J45: 8 | K45: 9 | L45: 10 | M45: 11 | N45: 12 | O45: 13 | P45: 14 | Q45: 15 | R45: 16 | S45: 17 | T45: 18 | U45: 19 | V45: 20 | W45: 21 | X45: 22 | Y45: 23 | Z45: 24 | AA45: 25 | AB45: 26 | AC45: 27 | AD45: 28 | AE45: 29 | AF45: 30
B46: FERNANDO RUBIO | C46: 1 | D46: 2 | E46: 3 | F46: 4 | G46: 5 | H46: V | I46: V | J46: V | K46: 9 | L46: 10 | M46: 11 | N46: 12 | O46: 13 | P46: 14 | Q46: 15 | R46: 16 | S46: 17 | T46: 18 | U46: 19 | V46: 20 | W46: 21 | X46: 22 | Y46: 23 | Z46: 24 | AA46: 25 | AB46: 26 | AC46: 27 | AD46: 28 | AE46: 29 | AF46: 30
B47: JORGE AMARILLAS | C47: 1 | D47: 2 | E47: 3 | F47: 4 | G47: 5 | H47: 6 | I47: 7 | J47: 8 | K47: 9 | L47: 10 | M47: 11 | N47: 12 | O47: 13 | P47: 14 | Q47: G | R47: G | S47: G | T47: G | U47: G | V47: G | W47: G | X47: 22 | Y47: 23 | Z47: 24 | AA47: 25 | AB47: 26 | AC47: 27 | AD47: 28 | AE47: G | AF47: G
B48: EDUARDO | C48: 1 | D48: 2 | E48: T | F48: 4 | G48: 5 | H48: 6 | I48: 7 | J48: 8 | K48: 9 | L48: 10 | M48: 11 | N48: 12 | O48: 13 | P48: 14 | Q48: 15 | R48: 16 | S48: 17 | T48: 18 | U48: 19 | V48: 20 | W48: 21 | X48: 22 | Y48: 23 | Z48: T | AA48: 25 | AB48: 26 | AC48: 27 | AD48: 28 | AE48: 29 | AF48: 30
B51: 43952
C52: Vi | D52: Sá | E52: Do | F52: Lu | G52: Ma | H52: Mi | I52: Ju | J52: Vi | K52: Sá | L52: Do | M52: Lu | N52: Ma | O52: Mi | P52: Ju | Q52: Vi | R52: Sá | S52: Do | T52: Lu | U52: Ma | V52: Mi | W52: Ju | X52: Vi | Y52: Sá | Z52: Do | AA52: Lu | AB52: Ma | AC52: Mi | AD52: Ju | AE52: Vi | AF52: Sá | AG52: Do
B53: VANE1 | C53: 1 | D53: 2 | E53: 3 | F53: 4 | G53: 5 | H53: 6 | I53: 7 | J53: 8 | K53: 9 | L53: 10 | M53: 11 | N53: 12 | O53: 13 | P53: 14 | Q53: 15 | R53: 16 | S53: 17 | T53: V | U53: 19 | V53: 20 | W53: 21 | X53: 22 | Y53: 23 | Z53: 24 | AA53: 25 | AB53: 26 | AC53: 27 | AD53: 28 | AE53: 29 | AF53: 30 | AG53: 31
B54: VANE2 | C54: 1 | D54: 2 | E54: 3 | F54: 4 | G54: 5 | H54: 6 | I54: 7 | J54: 8 | K54: 9 | L54: 10 | M54: 11 | N54: 12 | O54: 13 | P54: 14 | Q54: 15 | R54: 16 | S54: 17 | T54: 18 | U54: 19 | V54: 20 | W54: 21 | X54: 22 | Y54: 23 | Z54: 24 | AA54: 25 | AB54: 26 | AC54: 27 | AD54: 28 | AE54: 29 | AF54: 30 | AG54: 31
B55: ISRA | C55: 1 | D55: 2 | E55: 3 | F55: 4 | G55: 5 | H55: 6 | I55: 7 | J55: 8 | K55: 9 | L55: 10 | M55: 11 | N55: 12 | O55: G | P55: G | Q55: G | R55: G | S55: G | T55: G | U55: G | V55: 20 | W55: 21 | X55: 22 | Y55: 23 | Z55: 24 | AA55: 25 | AB55: 26 | AC55: 27 | AD55: 28 | AE55: 29 | AF55: 30 | AG55: 31
B56: CHEMA | C56: 1 | D56: 2 | E56: 3 | F56: 4 | G56: 5 | H56: G | I56: G | J56: G | K56: G | L56: G | M56: G | N56: G | O56: 13 | P56: 14 | Q56: 15 | R56: 16 | S56: 17 | T56: 18 | U56: 19 | V56: 20 | W56: 21 | X56: 22 | Y56: 23 | Z56: 24 | AA56: 25 | AB56: 26 | AC56: G | AD56: G | AE56: G | AF56: G | AG56: G
B57: FERNANDO LANGREO | C57: 1 | D57: 2 | E57: 3 | F57: 4 | G57: 5 | H57: 6 | I57: 7 | J57: T | K57: 9 | L57: 10 | M57: 11 | N57: 12 | O57: 13 | P57: 14 | Q57: 15 | R57: 16 | S57: 17 | T57: 18 | U57: 19 | V57: 20 | W57: 21 | X57: 22 | Y57: 23 | Z57: 24 | AA57: 25 | AB57: 26 | AC57: 27 | AD57: 28 | AE57: T | AF57: 30 | AG57: 31
B58: DANI | C58: 1 | D58: 2 | E58: 3 | F58: 4 | G58: 5 | H58: 6 | I58: 7 | J58: 8 | K58: 9 | L58: 10 | M58: 11 | N58: 12 | O58: 13 | P58: 14 | Q58: 15 | R58: 16 | S58: 17 | T58: 18 | U58: 19 | V58: 20 | W58: 21 | X58: 22 | Y58: 23 | Z58: 24 | AA58: 25 | AB58: 26 | AC58: 27 | AD58: 28 | AE58: 29 | AF58: 30 | AG58: 31
B59: FERNANDO RUBIO | C59: 1 | D59: 2 | E59: 3 | F59: 4 | G59: 5 | H59: 6 | I59: 7 | J59: 8 | K59: 9 | L59: 10 | M59: 11 | N59: 12 | O59: 13 | P59: 14 | Q59: 15 | R59: 16 | S59: 17 | T59: 18 | U59: 19 | V59: 20 | W59: 21 | X59: 22 | Y59: 23 | Z59: 24 | AA59: 25 | AB59: 26 | AC59: 27 | AD59: 28 | AE59: 29 | AF59: 30 | AG59: 31
B60: JORGE AMARILLAS | C60: G | D60: G | E60: G | F60: G | G60: G | H60: 6 | I60: 7 | J60: 8 | K60: 9 | L60: 10 | M60: 11 | N60: 12 | O60: 13 | P60: 14 | Q60: 15 | R60: 16 | S60: 17 | T60: 18 | U60: 19 | V60: G | W60: G | X60: G | Y60: G | Z60: G | AA60: G | AB60: G | AC60: 27 | AD60: 28 | AE60: 29 | AF60: 30 | AG60: 31
B61: EDUARDO | C61: 1 | D61: 2 | E61: 3 | F61: 4 | G61: 5 | H61: 6 | I61: 7 | J61: 8 | K61: 9 | L61: 10 | M61: 11 | N61: 12 | O61: 13 | P61: 14 | Q61: 15 | R61: 16 | S61: 17 | T61: 18 | U61: 19 | V61: 20 | W61: 21 | X61: T | Y61: 23 | Z61: 24 | AA61: 25 | AB61: 26 | AC61: 27 | AD61: 28 | AE61: 29 | AF61: 30 | AG61: 31
B63: 43983
C64: Lu | D64: Ma | E64: Mi | F64: Ju | G64: Vi | H64: Sá | I64: Do | J64: Lu | K64: Ma | L64: Mi | M64: Ju | N64: Vi | O64: Sá | P64: Do | Q64: Lu | R64: Ma | S64: Mi | T64: Ju | U64: Vi | V64: Sá | W64: Do | X64: Lu | Y64: Ma | Z64: Mi | AA64: Ju | AB64: Vi | AC64: Sá | AD64: Do | AE64: Lu | AF64: Ma
B65: VANE1 | C65: 1 | D65: 2 | E65: 3 | F65: 4 | G65: 5 | H65: 6 | I65: 7 | J65: 8 | K65: 9 | L65: 10 | M65: 11 | N65: 12 | O65: 13 | P65: 14 | Q65: 15 | R65: 16 | S65: 17 | T65: 18 | U65: 19 | V65: 20 | W65: 21 | X65: 22 | Y65: 23 | Z65: 24 | AA65: 25 | AB65: 26 | AC65: 27 | AD65: 28 | AE65: V | AF65: V
B66: VANE2 | C66: 1 | D66: 2 | E66: 3 | F66: 4 | G66: 5 | H66: 6 | I66: 7 | J66: 8 | K66: 9 | L66: 10 | M66: 11 | N66: 12 | O66: 13 | P66: 14 | Q66: V | R66: 16 | S66: 17 | T66: 18 | U66: 19 | V66: 20 | W66: 21 | X66: 22 | Y66: 23 | Z66: 24 | AA66: 25 | AB66: 26 | AC66: 27 | AD66: 28 | AE66: 29 | AF66: 30
B67: ISRA | C67: 1 | D67: 2 | E67: G | F67: G | G67: G | H67: G | I67: G | J67: G | K67: G | L67: 10 | M67: 11 | N67: 12 | O67: 13 | P67: 14 | Q67: 15 | R67: 16 | S67: 17 | T67: 18 | U67: 19 | V67: 20 | W67: 21 | X67: 22 | Y67: 23 | Z67: G | AA67: G | AB67: G | AC67: G | AD67: G | AE67: G | AF67: G
B68: CHEMA | C68: G | D68: G | E68: 3 | F68: 4 | G68: 5 | H68: 6 | I68: 7 | J68: 8 | K68: 9 | L68: 10 | M68: 11 | N68: 12 | O68: 13 | P68: 14 | Q68: 15 | R68: 16 | S68: G | T68: G | U68: G | V68: G | W68: G | X68: G | Y68: G | Z68: 24 | AA68: 25 | AB68: 26 | AC68: 27 | AD68: 28 | AE68: 29 | AF68: 30
B69: FERNANDO LANGREO | C69: 1 | D69: 2 | E69: 3 | F69: 4 | G69: 5 | H69: 6 | I69: 7 | J69: 8 | K69: 9 | L69: 10 | M69: 11 | N69: T | O69: 13 | P69: 14 | Q69: 15 | R69: 16 | S69: 17 | T69: 18 | U69: 19 | V69: 20 | W69: 21 | X69: 22 | Y69: 23 | Z69: 24 | AA69: 25 | AB69: T | AC69: 27 | AD69: 28 | AE69: 29 | AF69: 30
B70: DANI | C70: 1 | D70: 2 | E70: 3 | F70: 4 | G70: 5 | H70: 6 | I70: 7 | J70: 8 | K70: 9 | L70: 10 | M70: 11 | N70: 12 | O70: 13 | P70: 14 | Q70: 15 | R70: 16 | S70: 17 | T70: 18 | U70: 19 | V70: 20 | W70: 21 | X70: 22 | Y70: 23 | Z70: 24 | AA70: 25 | AB70: 26 | AC70: 27 | AD70: 28 | AE70: 29 | AF70: 30
B71: FERNANDO RUBIO | C71: 1 | D71: 2 | E71: 3 | F71: 4 | G71: 5 | H71: 6 | I71: 7 | J71: 8 | K71: 9 | L71: 10 | M71: 11 | N71: 12 | O71: 13 | P71: 14 | Q71: 15 | R71: 16 | S71: 17 | T71: 18 | U71: 19 | V71: 20 | W71: 21 | X71: 22 | Y71: 23 | Z71: 24 | AA71: 25 | AB71: 26 | AC71: 27 | AD71: 28 | AE71: 29 | AF71: 30
B72: JORGE AMARILLAS | C72: 1 | D72: 2 | E72: 3 | F72: 4 | G72: 5 | H72: 6 | I72: 7 | J72: 8 | K72: 9 | L72: G | M72: G | N72: G | O72: G | P72: G | Q72: G | R72: G | S72: 17 | T72: 18 | U72: 19 | V72: 20 | W72: 21 | X72: 22 | Y72: 23 | Z72: 24 | AA72: 25 | AB72: 26 | AC72: 27 | AD72: 28 | AE72: 29 | AF72: 30
B73: EDUARDO | C73: 1 | D73: 2 | E73: 3 | F73: 4 | G73: T | H73: 6 | I73: 7 | J73: 8 | K73: 9 | L73: 10 | M73: 11 | N73: 12 | O73: 13 | P73: 14 | Q73: 15 | R73: 16 | S73: 17 | T73: 18 | U73: T | V73: 20 | W73: 21 | X73: 22 | Y73: 23 | Z73: 24 | AA73: 25 | AB73: 26 | AC73: 27 | AD73: 28 | AE73: 29 | AF73: 30
B75: 44013
C76: Mi | D76: Ju | E76: Vi | F76: Sá | G76: Do | H76: Lu | I76: Ma | J76: Mi | K76: Ju | L76: Vi | M76: Sá | N76: Do | O76: Lu | P76: Ma | Q76: Mi | R76: Ju | S76: Vi | T76: Sá | U76: Do | V76: Lu | W76: Ma | X76: Mi | Y76: Ju | Z76: Vi | AA76: Sá | AB76: Do | AC76: Lu | AD76: Ma | AE76: Mi | AF76: Ju | AG76: Vi
B77: VANE1 | C77: V | D77: V | E77: V | F77: 4 | G77: 5 | H77: 6 | I77: 7 | J77: 8 | K77: 9 | L77: 10 | M77: 11 | N77: 12 | O77: 13 | P77: 14 | Q77: 15 | R77: 16 | S77: 17 | T77: 18 | U77: 19 | V77: 20 | W77: 21 | X77: 22 | Y77: 23 | Z77: 24 | AA77: 25 | AB77: 26 | AC77: 27 | AD77: 28 | AE77: 29 | AF77: 30 | AG77: 31
B78: VANE2 | C78: 1 | D78: 2 | E78: 3 | F78: 4 | G78: 5 | H78: 6 | I78: 7 | J78: 8 | K78: 9 | L78: 10 | M78: 11 | N78: 12 | O78: 13 | P78: 14 | Q78: 15 | R78: 16 | S78: 17 | T78: 18 | U78: 19 | V78: 20 | W78: 21 | X78: 22 | Y78: 23 | Z78: 24 | AA78: 25 | AB78: 26 | AC78: 27 | AD78: 28 | AE78: 29 | AF78: 30 | AG78: 31
B79: ISRA | C79: 1 | D79: 2 | E79: 3 | F79: 4 | G79: 5 | H79: V | I79: V | J79: V | K79: V | L79: V | M79: 11 | N79: 12 | O79: V | P79: V | Q79: V | R79: V | S79: V | T79: 18 | U79: 19 | V79: V | W79: V | X79: V | Y79: V | Z79: V | AA79: 25 | AB79: 26 | AC79: 27 | AD79: 28 | AE79: G | AF79: G | AG79: G
B80: CHEMA | C80: 1 | D80: 2 | E80: 3 | F80: 4 | G80: 5 | H80: I | I80: 7 | J80: IG | K80: G | L80: G | M80: G | N80: G | O80: G | P80: G | Q80: 15 | R80: 16 | S80: G | T80: G | U80: G | V80: 20 | W80: 21 | X80: G | Y80: G | Z80: 10 | AA80: 25 | AB80: 26 | AC80: G | AD80: G | AE80: 29 | AF80: 30 | AG80: 31
B81: FERNANDO LANGREO | C81: 1 | D81: 2 | E81: 3 | F81: 4 | G81: 5 | H81: T | I81: T | J81: T | K81: T | L81: T | M81: 11 | N81: 12 | O81: 13 | P81: 14 | Q81: 15 | R81: 16 | S81: 17 | T81: 18 | U81: 19 | V81: 20 | W81: 21 | X81: 22 | Y81: 23 | Z81: 24 | AA81: 25 | AB81: 26 | AC81: 27 | AD81: 28 | AE81: 29 | AF81: 30 | AG81: 31
B82: DANI | C82: 1 | D82: 2 | E82: 3 | F82: 4 | G82: 5 | H82: 6 | I82: 7 | J82: 8 | K82: 9 | L82: 10 | M82: 11 | N82: 12 | O82: P | P82: P | Q82: P | R82: P | S82: P | T82: 18 | U82: 19 | V82: P | W82: P | X82: P | Y82: P | Z82: P | AA82: 25 | AB82: 26 | AC82: P | AD82: P | AE82: P | AF82: P | AG82: P
B83: FERNANDO RUBIO | C83: 1 | D83: 2 | E83: 3 | F83: 4 | G83: 5 | H83: 6 | I83: 7 | J83: 8 | K83: 9 | L83: 10 | M83: 11 | N83: 12 | O83: V | P83: V | Q83: V | R83: V | S83: V | T83: 18 | U83: 19 | V83: V | W83: V | X83: V | Y83: V | Z83: V | AA83: 25 | AB83: 26 | AC83: V | AD83: V | AE83: V | AF83: V | AG83: V
B84: JORGE AMARILLAS | C84: G | D84: G | E84: IG | F84: IG | G84: G | H84: G | I84: G | J84: I | K84: 9 | L84: 10 | M84: I | N84: 12 | O84: I | P84: 14 | Q84: G | R84: IG | S84: 17 | T84: 18 | U84: 19 | V84: G | W84: G | X84: I | Y84: 23 | Z84: G | AA84: G | AB84: G | AC84: V | AD84: V | AE84: V | AF84: V | AG84: V
B85: EDUARDO | C85: T | D85: T | E85: T | F85: 4 | G85: 5 | H85: 6 | I85: 7 | J85: 8 | K85: 9 | L85: 10 | M85: 11 | N85: 12 | O85: V | P85: V | Q85: V | R85: V | S85: V | T85: 18 | U85: 19 | V85: V | W85: V | X85: V | Y85: V | Z85: V | AA85: 25 | AB85: 26 | AC85: T | AD85: T | AE85: T | AF85: T | AG85: T
B87: 44044
C88: Sá | D88: Do | E88: Lu | F88: Ma | G88: Mi | H88: Ju | I88: Vi | J88: Sá | K88: Do | L88: Lu | M88: Ma | N88: Mi | O88: Ju | P88: Vi | Q88: Sá | R88: Do | S88: Lu | T88: Ma | U88: Mi | V88: Ju | W88: Vi | X88: Sá | Y88: Do | Z88: Lu | AA88: Ma | AB88: Mi | AC88: Ju | AD88: Vi | AE88: Sá | AF88: Do | AG88: Lu
B89: VANE1 | C89: 1 | D89: 2 | E89: 3 | F89: 4 | G89: 5 | H89: 6 | I89: 7 | J89: 8 | K89: 9 | L89: 10 | M89: 11 | N89: 12 | O89: 13 | P89: 14 | Q89: 15 | R89: 16 | S89: 17 | T89: 18 | U89: 19 | V89: 20 | W89: 21 | X89: 22 | Y89: 23 | Z89: 24 | AA89: 25 | AB89: 26 | AC89: 27 | AD89: 28 | AE89: 29 | AF89: 30 | AG89: 31
B90: VANE2 | C90: 1 | D90: 2 | E90: V | F90: V | G90: V | H90: V | I90: V | J90: 8 | K90: 9 | L90: V | M90: V | N90: V | O90: V | P90: V | Q90: 15 | R90: 16 | S90: 17 | T90: 18 | U90: 19 | V90: 20 | W90: 21 | X90: 22 | Y90: 23 | Z90: 24 | AA90: 25 | AB90: 26 | AC90: 27 | AD90: 28 | AE90: 29 | AF90: 30 | AG90: 31
B91: ISRA | C91: G | D91: G | E91: G | F91: G | G91: 5 | H91: 6 | I91: 7 | J91: 8 | K91: 9 | L91: 10 | M91: 11 | N91: G | O91: G | P91: G | Q91: G | R91: G | S91: G | T91: G | U91: 19 | V91: 20 | W91: 21 | X91: 22 | Y91: 23 | Z91: 24 | AA91: 25 | AB91: G | AC91: G | AD91: G | AE91: G | AF91: G | AG91: G
B92: CHEMA | C92: 1 | D92: 2 | E92: 3 | F92: 4 | G92: G | H92: G | I92: G | J92: G | K92: G | L92: G | M92: G | N92: 12 | O92: 13 | P92: 14 | Q92: 15 | R92: 16 | S92: V | T92: V | U92: V | V92: V | W92: V | X92: 22 | Y92: 23 | Z92: V | AA92: V | AB92: V | AC92: V | AD92: V | AE92: 29 | AF92: 30 | AG92: V
B93: FERNANDO LANGREO | C93: 1 | D93: 2 | E93: 3 | F93: T | G93: T | H93: T | I93: T | J93: 8 | K93: 9 | L93: 10 | M93: 11 | N93: 12 | O93: 13 | P93: 14 | Q93: 15 | R93: 16 | S93: 17 | T93: 18 | U93: 19 | V93: T | W93: T | X93: 22 | Y93: 23 | Z93: 24 | AA93: 25 | AB93: 26 | AC93: T | AD93: T | AE93: 29 | AF93: 30 | AG93: 31
B94: DANI | C94: 1 | D94: 2 | E94: P | F94: P | G94: P | H94: P | I94: P | J94: 8 | K94: 9 | L94: P | M94: P | N94: P | O94: P | P94: P | Q94: 15 | R94: 16 | S94: P | T94: P | U94: P | V94: P | W94: P | X94: 22 | Y94: 23 | Z94: P | AA94: P | AB94: P | AC94: P | AD94: P | AE94: 29 | AF94: 30 | AG94: P
B95: FERNANDO RUBIO | C95: 1 | D95: 2 | E95: 3 | F95: 4 | G95: 5 | H95: 6 | I95: 7 | J95: 8 | K95: 9 | L95: 10 | M95: 11 | N95: 12 | O95: 13 | P95: 14 | Q95: 15 | R95: 16 | S95: 17 | T95: 18 | U95: 19 | V95: 20 | W95: 21 | X95: 22 | Y95: 23 | Z95: 24 | AA95: 25 | AB95: 26 | AC95: 27 | AD95: 28 | AE95: 29 | AF95: 30 | AG95: 31
B96: JORGE AMARILLAS | C96: 1 | D96: 2 | E96: V | F96: V | G96: V | H96: V | I96: V | J96: 8 | K96: 9 | L96: V | M96: V | N96: V | O96: V | P96: V | Q96: 15 | R96: 16 | S96: 17 | T96: 18 | U96: G | V96: G | W96: G | X96: G | Y96: G | Z96: G | AA96: G | AB96: 26 | AC96: 27 | AD96: 28 | AE96: 29 | AF96: 30 | AG96: 31
B97: EDUARDO | C97: 1 | D97: 2 | E97: T | F97: 4 | G97: 5 | H97: 6 | I97: 7 | J97: 8 | K97: 9 | L97: T | M97: T | N97: T | O97: T | P97: T | Q97: 15 | R97: 16 | S97: V | T97: V | U97: T | V97: 20 | W97: 21 | X97: 22 | Y97: 23 | Z97: T | AA97: T | AB97: T | AC97: 27 | AD97: 28 | AE97: 29 | AF97: 30 | AG97: V
B99: 44075
C100: Ma | D100: Mi | E100: Ju | F100: Vi | G100: Sá | H100: Do | I100: Lu | J100: Ma | K100: Mi | L100: Ju | M100: Vi | N100: Sá | O100: Do | P100: Lu | Q100: Ma | R100: Mi | S100: Ju | T100: Vi | U100: Sá | V100: Do | W100: Lu | X100: Ma | Y100: Mi | Z100: Ju | AA100: Vi | AB100: Sa | AC100: Do | AD100: Lu | AE100: Ma | AF100: Mi
B101: VANE1 | C101: 1 | D101: 2 | E101: 3 | F101: 4 | G101: 5 | H101: 6 | I101: 7 | J101: 8 | K101: 9 | L101: 10 | M101: 11 | N101: 12 | O101: 13 | P101: 14 | Q101: 15 | R101: 16 | S101: 17 | T101: 18 | U101: 19 | V101: 20 | W101: 21 | X101: 22 | Y101: 23 | Z101: 24 | AA101: 25 | AB101: 26 | AC101: 27 | AD101: 28 | AE101: 29 | AF101: 30
B102: VANE2 | C102: 1 | D102: 2 | E102: 3 | F102: 4 | G102: 5 | H102: 6 | I102: 7 | J102: 8 | K102: 9 | L102: 10 | M102: 11 | N102: 12 | O102: 13 | P102: 14 | Q102: 15 | R102: 16 | S102: 17 | T102: 18 | U102: 19 | V102: 20 | W102: 21 | X102: 22 | Y102: 23 | Z102: 24 | AA102: 25 | AB102: 26 | AC102: 27 | AD102: 28 | AE102: 29 | AF102: 30
B103: ISRA | C103: G | D103: 2 | E103: 3 | F103: 4 | G103: 5 | H103: 6 | I103: 7 | J103: 8 | K103: 9 | L103: 10 | M103: 11 | N103: 12 | O103: 13 | P103: 14 | Q103: 15 | R103: G | S103: G | T103: G | U103: G | V103: G | W103: G | X103: G | Y103: 23 | Z103: 24 | AA103: 25 | AB103: 26 | AC103: 27 | AD103: 28 | AE103: 29 | AF103: 30
B104: CHEMA | C104: V | D104: V | E104: V | F104: V | G104: 5 | H104: 6 | I104: 7 | J104: 8 | K104: G | L104: G | M104: G | N104: G | O104: G | P104: G | Q104: G | R104: 16 | S104: 17 | T104: 18 | U104: 19 | V104: 20 | W104: 21 | X104: 22 | Y104: 23 | Z104: 24 | AA104: 25 | AB104: 26 | AC104: 27 | AD104: 28 | AE104: 29 | AF104: G
B105: FERNANDO LANGREO | C105: 1 | D105: 2 | E105: 3 | F105: 4 | G105: 5 | H105: 6 | I105: V | J105: V | K105: V | L105: V | M105: V | N105: 12 | O105: 13 | P105: V | Q105: V | R105: V | S105: V | T105: V | U105: 19 | V105: 20 | W105: V | X105: V | Y105: V | Z105: V | AA105: V | AB105: 26 | AC105: 27 | AD105: 28 | AE105: 29 | AF105: 30
B106: DANI | C106: P | D106: P | E106: P | F106: P | G106: 5 | H106: 6 | I106: 7 | J106: 8 | K106: 9 | L106: 10 | M106: 11 | N106: 12 | O106: 13 | P106: 14 | Q106: 15 | R106: 16 | S106: 17 | T106: 18 | U106: 19 | V106: 20 | W106: 21 | X106: 22 | Y106: 23 | Z106: 24 | AA106: 25 | AB106: 26 | AC106: 27 | AD106: 28 | AE106: 29 | AF106: 30
B107: FERNANDO RUBIO | C107: 1 | D107: 2 | E107: 3 | F107: 4 | G107: 5 | H107: 6 | I107: 7 | J107: 8 | K107: 9 | L107: 10 | M107: 11 | N107: 12 | O107: 13 | P107: 14 | Q107: 15 | R107: 16 | S107: 17 | T107: 18 | U107: 19 | V107: 20 | W107: 21 | X107: 22 | Y107: 23 | Z107: 24 | AA107: 25 | AB107: 26 | AC107: 27 | AD107: 28 | AE107: 29 | AF107: 30
B108: JORGE AMARILLAS | C108: 1 | D108: G | E108: G | F108: G | G108: G | H108: G | I108: G | J108: G | K108: 9 | L108: 10 | M108: 11 | N108: 12 | O108: 13 | P108: 14 | Q108: 15 | R108: 16 | S108: 17 | T108: 18 | U108: 19 | V108: 20 | W108: 21 | X108: 22 | Y108: G | Z108: G | AA108: G | AB108: G | AC108: G | AD108: G | AE108: G | AF108: 30
B109: EDUARDO | C109: V | D109: V | E109: V | F109: V | G109: 5 | H109: 6 | I109: 7 | J109: 8 | K109: 9 | L109: 10 | M109: 11 | N109: 12 | O109: 13 | P109: 14 | Q109: 15 | R109: 16 | S109: 17 | T109: 18 | U109: 19 | V109: 20 | W109: 21 | X109: 22 | Y109: 23 | Z109: 24 | AA109: 25 | AB109: 26 | AC109: 27 | AD109: 28 | AE109: 29 | AF109: 30
...

Sheet Guardias Voz
A1: Nombre | B1: Area | C1: Mes | D1: 42491 | E1: 42492 | F1: 42493 | G1: 42494 | H1: 42495 | I1: 42496 | J1: 42497 | K1: 42498 | L1: 42499 | M1: 42500 | N1: 42501 | O1: 42502 | P1: 42503 | Q1: 42504 | R1: 42505 | S1: 42506 | T1: 42507 | U1: 42508 | V1: 42509 | W1: 42510 | X1: 42511 | Y1: 42512 | Z1: 42513 | AA1: 42514 | AB1: 42515 | AC1: 42516 | AD1: 42517 | AE1: 42518 | AF1: 42519 | AG1: 42520 | AH1: 42521
A2: Javier Puertas de la Plaza | B2: Voz | C2: Enero 2025 | D2: G | E2: G | F2: G | T2: G | U2: G | V2: G | W2: G | X2: G | Y2: G | Z2: G | AH2: G | AJ2: VP | AK2: Vacaciones Pasadas (Año Anterior)
A3: José María Moreno Moreno | B3: Voz | C3: Enero 2025 | E3: VP | F3: VP | J3: VP | K3: VP | M3: G | N3: G | O3: G | P3: G | Q3: G | R3: G | S3: G | AJ3: V | AK3: Vacaciones
A4: Alfonso Gomez Calzado | B4: Voz | C4: Enero 2025 | E4: VP | F4: VP | G4: G | H4: G | I4: G | J4: G | K4: G | L4: G | AA4: G | AB4: G | AC4: G | AD4: G | AE4: G | AF4: G | AG4: G | AJ4: C | AK4: Convenio
A5: Javier Puertas de la Plaza | B5: Voz | C5: Febrero 2025 | D5: G | E5: G | F5: G | G5: G | H5: G | I5: G | L5: X | M5: X | N5: X | O5: X | P5: X | Q5: X | AE5: G | AJ5: X | AK5: Viaje
A6: José María Moreno Moreno | B6: Voz | C6: Febrero 2025 | J6: G | K6: G | L6: G | M6: G | N6: G | O6: G | P6: G | X6: G | Y6: G | Z6: G | AA6: G | AB6: G | AC6: G | AD6: G | AJ6: G | AK6: Guardia
A7: Alfonso Gomez Calzado | B7: Voz | C7: Febrero 2025 | Q7: G | R7: G | S7: G | T7: G | U7: G | V7: G | W7: G | AD7: V | AE7: V
A8: Javier Puertas de la Plaza | B8: Voz | C8: Marzo 2025 | D8: G | E8: G | F8: G | G8: G | H8: G | I8: G | X8: G | Y8: G | Z8: G | AA8: G | AB8: G | AC8: G | AD8: G | AJ8: Fichero Oficial de Vacaciones 2025
A9: José María Moreno Moreno | B9: Voz | C9: Marzo 2025 | Q9: G | R9: G | S9: G | T9: G | U9: G | V9: G | W9: G | AJ9: Turnos Teletrabajo Voz 2025
A10: Alfonso Gomez Calzado | B10: Voz | C10: Marzo 2025 | J10: G | K10: G | L10: G | M10: G | N10: G | O10: G | P10: G | AE10: G | AF10: G | AG10: G | AH10: G
A11: Javier Puertas de la Plaza | B11: Voz | C11: Abril 2025 | N11: G | O11: G | P11: G | Q11: V | R11: V | S11: V | T11: G
A12: José María Moreno Moreno | B12: Voz | C12: Abril 2025 | G12: G | H12: G | I12: G | J12: G | K12: G | L12: G | M12: G | U12: G | V12: G | W12: G | X12: G | Y12: G | Z12: G | AA12: G
A13: Alfonso Gomez Calzado | B13: Voz | C13: Abril 2025 | D13: G | E13: G | F13: G | Q13: V | R13: V | S13: V | AB13: G | AC13: G | AD13: G | AE13: G | AF13: G | AG13: G
A14: Javier Puertas de la Plaza | B14: Voz | C14: Mayo 2025 | E14: G | F14: G | G14: G | H14: G | I14: G | J14: G | K14: G | Z14: G | AA14: G | AB14: G | AC14: G | AD14: G | AE14: G | AF14: G
A15: José María Moreno Moreno | B15: Voz | C15: Mayo 2025 | S15: G | T15: G | U15: G | V15: G | W15: G | X15: G | Y15: G
A16: Alfonso Gomez Calzado | B16: Voz | C16: Mayo 2025 | D16: G | L16: G | M16: G | N16: G | O16: G | P16: G | Q16: G | R16: G | AG16: G | AH16: G
A17: Javier Puertas de la Plaza | B17: Voz | C17: Junio 2025 | P17: G | Q17: G | R17: G | S17: G | T17: G | U17: G | V17: G
A18: José María Moreno Moreno | B18: Voz | C18: Junio 2025 | I18: G | J18: G | K18: G | L18: G | M18: G | N18: G | O18: G | AD18: G | AE18: G | AF18: G | AG18: G
A19: Alfonso Gomez Calzado | B19: Voz | C19: Junio 2025 | D19: G | E19: G | F19: G | G19: G | H19: G | W19: G | X19: G | Y19: G | Z19: G | AA19: G | AB19: G | AC19: G
A20: Javier Puertas de la Plaza | B20: Voz | C20: Julio 2025 | G20: G | H20: G | I20: G | J20: G | K20: G | L20: G | M20: G | Q20: V | R20: V | S20: V | T20: V | U20: V | X20: V | Y20: V | Z20: V | AA20: V | AE20: V | AF20: V | AG20: V | AH20: V
A21: José María Moreno Moreno | B21: Voz | C21: Julio 2025 | D21: G | E21: G | F21: G | U21: G | V21: G | W21: G | X21: G | Y21: G | Z21: G | AA21: G
A22: Alfonso Gomez Calzado | B22: Voz | C22: Julio 2025 | N22: G | O22: G | P22: G | Q22: G | R22: G | S22: G | T22: G | AB22: G | AC22: G | AD22: G | AE22: G | AF22: G | AG22: G | AH22: G
A23: Javier Puertas de la Plaza | B23: Voz | C23: Agosto 2025 | D23: G | E23: G | F23: G | G23: G | H23: G | I23: G | J23: G | R23: G | S23: G | T23: G | U23: G | V23: G | W23: G | X23: G
A24: José María Moreno Moreno | B24: Voz | C24: Agosto 2025 | K24: G | L24: G | M24: G | N24: G | O24: G | P24: G | Q24: G | AF24: G | AG24: G | AH24: G
A25: Alfonso Gomez Calzado | B25: Voz | C25: Agosto 2025 | G25: V | H25: V | I25: V | J25: V | K25: V | N25: V | O25: V | P25: V | Q25: V | Y25: G | Z25: G | AA25: G | AB25: G | AC25: G | AD25: G | AE25: G
A26: Javier Puertas de la Plaza | B26: Voz | C26: Septiembre 2025 | H26: G | I26: G | J26: G | K26: G | L26: G | M26: G | N26: G | AC26: V | AD26: G | AE26: G | AF26: G | AG26: G | AJ26: Cambiar guardia JP
A27: José María Moreno Moreno | B27: Voz | C27: Septiembre 2025 | D27: G | E27: G | F27: G | G27: G | V27: G | W27: G | X27: G | Y27: G | Z27: G | AA27: G | AB27: G
A28: Alfonso Gomez Calzado | B28: Voz | C28: Septiembre 2025 | O28: G | P28: G | Q28: G | R28: G | S28: G | T28: G | U28: G
A29: Javier Puertas de la Plaza | B29: Voz | C29: Octubre 2025 | D29: G | E29: G | T29: G | U29: G | V29: G | W29: G | X29: G | Y29: G | Z29: G
A30: José María Moreno Moreno | B30: Voz | C30: Octubre 2025 | M30: G | N30: G | O30: G | P30: G | Q30: G | R30: G | S30: G | AH30: G
A31: Alfonso Gomez Calzado | B31: Voz | C31: Octubre 2025 | F31: G | G31: G | H31: G | I31: G | J31: G | K31: G | L31: G | AA31: G | AB31: G | AC31: G | AD31: G | AE31: G | AF31: G | AG31: G
A32: Javier Puertas de la Plaza | B32: Voz | C32: Noviembre 2025 | J32: G | K32: G | L32: G | M32: G | N32: G | O32: G | P32: G | AE32: G | AF32: G | AG32: G
A33: José María Moreno Moreno | B33: Voz | C33: Noviembre 2025 | D33: G | E33: G | F33: G | G33: G | H33: G | I33: G | X33: G | Y33: G | Z33: G | AA33: G | AB33: G | AC33: G | AD33: G
A34: Alfonso Gomez Calzado | B34: Voz | C34: Noviembre 2025 | Q34: G | R34: G | S34: G | T34: G | U34: G | V34: G | W34: G | AA34: V | AB34: V | AC34: V | AD34: V | AE34: V
A35: Javier Puertas de la Plaza | B35: Voz | C35: Diciembre 2025 | D35: G | E35: G | F35: G | G35: G | V35: G | W35: G | X35: G | Y35: G | Z35: G | AA35: G | AB35: G
A36: José María Moreno Moreno | B36: Voz | C36: Diciembre 2025 | O36: G | P36: G | Q36: G | R36: G | S36: G | T36: G | U36: G
A37: Alfonso Gomez Calzado | B37: Voz | C37: Diciembre 2025 | H37: G | I37: G | J37: G | K37: G | L37: G | M37: G | N37: G | AC37: G | AD37: G | AE37: G | AF37: G | AG37: G | AH37: G
A38: Javier Puertas de la Plaza | B38: Voz | C38: Enero 2026 | E38: V | H38: V | J38: V | L38: G | M38: G | N38: G | O38: G | P38: G | Q38: G | R38: G | AG38: G | AH38: G
A39: José María Moreno Moreno | B39: Voz | C39: Enero 2026 | E39: G | F39: G | G39: G | H39: G | I39: G | J39: G | K39: G | Z39: G | AA39: G | AB39: G | AC39: G | AD39: G | AE39: G | AF39: G
A40: Alfonso Gomez Calzado | B40: Voz | C40: Enero 2026 | D40: G | E40: V | H40: V | J40: V | K40: V | L40: V | S40: G | T40: G | U40: G | V40: G | W40: G | X40: G | Y40: G
A41: Nombre | B41: Area | C41: Mes | D41: 42491 | E41: 42492 | F41: 42493 | G41: 42494 | H41: 42495 | I41: 42496 | J41: 42497 | K41: 42498 | L41: 42499 | M41: 42500 | N41: 42501 | O41: 42502 | P41: 42503 | Q41: 42504 | R41: 42505 | S41: 42506 | T41: 42507 | U41: 42508 | V41: 42509 | W41: 42510 | X41: 42511 | Y41: 42512 | Z41: 42513 | AA41: 42514 | AB41: 42515 | AC41: 42516 | AD41: 42517 | AE41: 42518 | AF41: 42519 | AG41: 42520 | AH41: 31

Sheet Guardias Internos Network
B2: 45658 | AI2: Fichero Oficial de Vacaciones 2025
C3: Mi | D3: Ju | E3: Vi | F3: Sá | G3: Do | H3: Lu | I3: Ma | J3: Mi | K3: Ju | L3: Vi | M3: Sá | N3: Do | O3: Lu | P3: Ma | Q3: Mi | R3: Ju | S3: Vi | T3: Sá | U3: Do | V3: Lu | W3: Ma | X3: Mi | Y3: Ju | Z3: Vi | AA3: Sá | AB3: Do | AC3: Lu | AD3: Ma | AE3: Mi | AF3: Ju | AG3: Vi
B4: JORGE | C4: 1 | D4: 2 | E4: 3 | F4: 4 | G4: 5 | H4: 6 | I4: 7 | J4: 8 | K4: 9 | L4: 10 | M4: 11 | N4: 12 | O4: 13 | P4: 14 | Q4: 15 | R4: 16 | S4: 17 | T4: 18 | U4: 19 | V4: 20 | W4: 21 | X4: 22 | Y4: V | Z4: V | AA4: 25 | AB4: 26 | AC4: V | AD4: V | AE4: V | AF4: V | AG4: V
B5: ISRAEL HURTADO | C5: 1 | D5: V | E5: V | F5: 4 | G5: 5 | H5: 6 | I5: V | J5: V | K5: V | L5: V | M5: 11 | N5: 12 | O5: 13 | P5: 14 | Q5: G | R5: G | S5: G | T5: G | U5: G | V5: G | W5: G | X5: 22 | Y5: V | Z5: 24 | AA5: 25 | AB5: 26 | AC5: 27 | AD5: 28 | AE5: 29 | AF5: 30 | AG5: V
B6: CHEMA | C6: 1 | D6: 2 | E6: 3 | F6: 4 | G6: 5 | H6: 6 | I6: 7 | J6: 8 | K6: 9 | L6: 10 | M6: 11 | N6: 12 | O6: 13 | P6: 14 | Q6: 15 | R6: 16 | S6: 17 | T6: 18 | U6: 19 | V6: 20 | W6: 21 | X6: G | Y6: G | Z6: G | AA6: G | AB6: G | AC6: G | AD6: G | AE6: 29 | AF6: 30 | AG6: 31
B7: DANI | C7: G | D7: G | E7: G | F7: G | G7: G | H7: G | I7: G | J7: 8 | K7: 9 | L7: 10 | M7: 11 | N7: 12 | O7: 13 | P7: 14 | Q7: 15 | R7: 16 | S7: 17 | T7: 18 | U7: 19 | V7: 20 | W7: 21 | X7: 22 | Y7: 23 | Z7: 24 | AA7: 25 | AB7: 26 | AC7: 27 | AD7: 28 | AE7: 29 | AF7: 30 | AG7: 31
B8: EDUARDO | C8: 1 | D8: V | E8: V | F8: 4 | G8: 5 | H8: 6 | I8: 7 | J8: 8 | K8: 9 | L8: 10 | M8: 11 | N8: 12 | O8: 13 | P8: 14 | Q8: 15 | R8: 16 | S8: 17 | T8: 18 | U8: 19 | V8: 20 | W8: 21 | X8: 22 | Y8: 23 | Z8: 24 | AA8: 25 | AB8: 26 | AC8: 27 | AD8: 28 | AE8: 29 | AF8: V | AG8: 31
B9: FERNANDO LOURIDO | C9: 1 | D9: V | E9: V | F9: 4 | G9: 5 | H9: 6 | I9: 7 | J9: G | K9: G | L9: G | M9: G | N9: G | O9: G | P9: G | Q9: 15 | R9: 16 | S9: 17 | T9: 18 | U9: 19 | V9: 20 | W9: 21 | X9: 22 | Y9: 23 | Z9: 24 | AA9: 25 | AB9: 26 | AC9: 27 | AD9: 28 | AE9: 29 | AF9: 30 | AG9: 31
B10: FELIPE | C10: 1 | D10: 2 | E10: 3 | F10: 4 | G10: 5 | H10: 6 | I10: 7 | J10: 8 | K10: 9 | L10: 10 | M10: 11 | N10: 12 | O10: 13 | P10: 14 | Q10: 15 | R10: 16 | S10: 17 | T10: 18 | U10: 19 | V10: 20 | W10: 21 | X10: 22 | Y10: 23 | Z10: V | AA10: 25 | AB10: 26 | AC10: V | AD10: V | AE10: V | AF10: V | AG10: V
B11: 45323
C12: Sá | D12: Do | E12: Lu | F12: Ma | G12: Mi | H12: Ju | I12: Vi | J12: Sá | K12: Do | L12: Lu | M12: Ma | N12: Mi | O12: Ju | P12: Vi | Q12: Sá | R12: Do | S12: Lu | T12: Ma | U12: Mi | V12: Ju | W12: Vi | X12: Sá | Y12: Do | Z12: Lu | AA12: Ma | AB12: Mi | AC12: Ju | AD12: Vi | AI12: Fichero Oficial de Vacaciones 2025
B13: JORGE | C13: 1 | D13: 2 | E13: 3 | F13: 4 | G13: 5 | H13: 6 | I13: 7 | J13: 8 | K13: 9 | L13: 10 | M13: 11 | N13: 12 | O13: 13 | P13: 14 | Q13: 15 | R13: 16 | S13: 17 | T13: 18 | U13: 19 | V13: 20 | W13: 21 | X13: 22 | Y13: 23 | Z13: 24 | AA13: 25 | AB13: 26 | AC13: 27 | AD13: 28
B14: ISRAEL HURTADO | C14: 1 | D14: 2 | E14: 3 | F14: 4 | G14: 5 | H14: 6 | I14: 7 | J14: 8 | K14: 9 | L14: 10 | M14: 11 | N14: 12 | O14: 13 | P14: 14 | Q14: 15 | R14: 16 | S14: 17 | T14: 18 | U14: 19 | V14: 20 | W14: 21 | X14: 22 | Y14: 23 | Z14: 24 | AA14: 25 | AB14: 26 | AC14: 27 | AD14: 28
B15: CHEMA | C15: 1 | D15: 2 | E15: 3 | F15: 4 | G15: 5 | H15: 6 | I15: 7 | J15: 8 | K15: 9 | L15: 10 | M15: 11 | N15: 12 | O15: 13 | P15: 14 | Q15: 15 | R15: 16 | S15: 17 | T15: 18 | U15: 19 | V15: 20 | W15: 21 | X15: 22 | Y15: 23 | Z15: 24 | AA15: 25 | AB15: 26 | AC15: 27 | AD15: 28
B16: DANI | C16: 1 | D16: 2 | E16: 3 | F16: 4 | G16: 5 | H16: 6 | I16: 7 | J16: 8 | K16: 9 | L16: 10 | M16: 11 | N16: 12 | O16: 13 | P16: 14 | Q16: 15 | R16: 16 | S16: 17 | T16: 18 | U16: 19 | V16: 20 | W16: 21 | X16: 22 | Y16: 23 | Z16: 24 | AA16: 25 | AB16: 26 | AC16: 27 | AD16: 28
B17: EDUARDO | C17: 1 | D17: 2 | E17: 3 | F17: 4 | G17: 5 | H17: 6 | I17: 7 | J17: 8 | K17: 9 | L17: 10 | M17: 11 | N17: 12 | O17: 13 | P17: 14 | Q17: 15 | R17: 16 | S17: 17 | T17: 18 | U17: 19 | V17: 20 | W17: 21 | X17: 22 | Y17: 23 | Z17: 24 | AA17: 25 | AB17: 26 | AC17: 27 | AD17: 28
B18: FERNANDO LOURIDO | C18: 1 | D18: 2 | E18: 3 | F18: 4 | G18: 5 | H18: 6 | I18: 7 | J18: 8 | K18: 9 | L18: 10 | M18: 11 | N18: 12 | O18: 13 | P18: 14 | Q18: 15 | R18: 16 | S18: 17 | T18: 18 | U18: 19 | V18: 20 | W18: 21 | X18: 22 | Y18: 23 | Z18: 24 | AA18: 25 | AB18: 26 | AC18: 27 | AD18: 28
B20: 45352
C21: Sá | D21: Do | E21: Lu | F21: Ma | G21: Mi | H21: Ju | I21: Vi | J21: Sá | K21: Do | L21: Lu | M21: Ma | N21: Mi | O21: Ju | P21: Vi | Q21: Sá | R21: Do | S21: Lu | T21: Ma | U21: Mi | V21: Ju | W21: Vi | X21: Sá | Y21: Do | Z21: Lu | AA21: Ma | AB21: Mi | AC21: Ju | AD21: Vi | AE21: Sá | AF21: Do | AG21: Lu | AI21: Fichero Oficial de Vacaciones 2025
B22: JORGE | C22: 1 | D22: 2 | E22: 3 | F22: 4 | G22: 5 | H22: 6 | I22: 7 | J22: 8 | K22: 9 | L22: 10 | M22: 11 | N22: 12 | O22: 13 | P22: 14 | Q22: 15 | R22: 16 | S22: 17 | T22: 18 | U22: 19 | V22: 20 | W22: 21 | X22: 22 | Y22: 23 | Z22: 24 | AA22: 25 | AB22: 26 | AC22: 27 | AD22: 28 | AE22: 29 | AF22: 30 | AG22: 31
B23: ISRAEL HURTADO | C23: 1 | D23: 2 | E23: 3 | F23: 4 | G23: 5 | H23: 6 | I23: 7 | J23: 8 | K23: 9 | L23: 10 | M23: 11 | N23: 12 | O23: 13 | P23: 14 | Q23: 15 | R23: 16 | S23: 17 | T23: 18 | U23: 19 | V23: 20 | W23: 21 | X23: 22 | Y23: 23 | Z23: 24 | AA23: 25 | AB23: 26 | AC23: 27 | AD23: 28 | AE23: 29 | AF23: 30 | AG23: 31
B24: CHEMA | C24: 1 | D24: 2 | E24: 3 | F24: 4 | G24: 5 | H24: 6 | I24: 7 | J24: 8 | K24: 9 | L24: 10 | M24: 11 | N24: 12 | O24: 13 | P24: 14 | Q24: 15 | R24: 16 | S24: 17 | T24: 18 | U24: 19 | V24: 20 | W24: 21 | X24: 22 | Y24: 23 | Z24: 24 | AA24: 25 | AB24: 26 | AC24: 27 | AD24: 28 | AE24: 29 | AF24: 30 | AG24: 31
B25: DANI | C25: 1 | D25: 2 | E25: 3 | F25: 4 | G25: 5 | H25: 6 | I25: 7 | J25: 8 | K25: 9 | L25: 10 | M25: 11 | N25: 12 | O25: 13 | P25: 14 | Q25: 15 | R25: 16 | S25: 17 | T25: 18 | U25: 19 | V25: 20 | W25: 21 | X25: 22 | Y25: 23 | Z25: 24 | AA25: 25 | AB25: 26 | AC25: 27 | AD25: 28 | AE25: 29 | AF25: 30 | AG25: 31
B26: EDUARDO | C26: 1 | D26: 2 | E26: 3 | F26: 4 | G26: 5 | H26: 6 | I26: 7 | J26: 8 | K26: 9 | L26: 10 | M26: 11 | N26: 12 | O26: 13 | P26: 14 | Q26: 15 | R26: 16 | S26: 17 | T26: 18 | U26: 19 | V26: 20 | W26: 21 | X26: 22 | Y26: 23 | Z26: 24 | AA26: 25 | AB26: 26 | AC26: 27 | AD26: 28 | AE26: 29 | AF26: 30 | AG26: 31
B27: FERNANDO LOURIDO | C27: 1 | D27: 2 | E27: 3 | F27: 4 | G27: 5 | H27: 6 | I27: 7 | J27: 8 | K27: 9 | L27: 10 | M27: 11 | N27: 12 | O27: 13 | P27: 14 | Q27: 15 | R27: 16 | S27: 17 | T27: 18 | U27: 19 | V27: 20 | W27: 21 | X27: 22 | Y27: 23 | Z27: 24 | AA27: 25 | AB27: 26 | AC27: 27 | AD27: 28 | AE27: 29 | AF27: 30 | AG27: 31
B28: FELIPE | C28: 1 | D28: 2 | E28: 3 | F28: 4 | G28: 5 | H28: 6 | I28: 7 | J28: 8 | K28: 9 | L28: 10 | M28: 11 | N28: 12 | O28: 13 | P28: 14 | Q28: 15 | R28: 16 | S28: 17 | T28: 18 | U28: 19 | V28: 20 | W28: 21 | X28: 22 | Y28: 23 | Z28: 24 | AA28: 25 | AB28: 26 | AC28: 27 | AD28: 28 | AE28: 29 | AF28: 30 | AG28: 31
B29: 45383
C30: Ma | D30: Mi | E30: Ju | F30: Vi | G30: Sá | H30: Do | I30: Lu | J30: Ma | K30: Mi | L30: Ju | M30: Vi | N30: Sá | O30: Do | P30: Lu | Q30: Ma | R30: Mi | S30: Ju | T30: Vi | U30: Sá | V30: Do | W30: Lu | X30: Ma | Y30: Mi | Z30: Ju | AA30: Vi | AB30: Sá | AC30: Do | AD30: Lu | AE30: Ma | AF30: Mi | AI30: Fichero Oficial de Vacaciones 2025
B31: JORGE | C31: 1 | D31: 2 | E31: 3 | F31: 4 | G31: 5 | H31: 6 | I31: 7 | J31: 8 | K31: 9 | L31: 10 | M31: 11 | N31: 12 | O31: 13 | P31: 14 | Q31: 15 | R31: 16 | S31: 17 | T31: 18 | U31: 19 | V31: 20 | W31: 21 | X31: 22 | Y31: 23 | Z31: 24 | AA31: 25 | AB31: 26 | AC31: 27 | AD31: 28 | AE31: 29 | AF31: 30
B32: ISRAEL HURTADO | C32: 1 | D32: 2 | E32: 3 | F32: 4 | G32: 5 | H32: 6 | I32: 7 | J32: 8 | K32: 9 | L32: 10 | M32: 11 | N32: 12 | O32: 13 | P32: 14 | Q32: 15 | R32: 16 | S32: 17 | T32: 18 | U32: 19 | V32: 20 | W32: 21 | X32: 22 | Y32: 23 | Z32: 24 | AA32: 25 | AB32: 26 | AC32: 27 | AD32: 28 | AE32: 29 | AF32: 30
B33: CHEMA | C33: 1 | D33: 2 | E33: 3 | F33: 4 | G33: 5 | H33: 6 | I33: 7 | J33: 8 | K33: 9 | L33: 10 | M33: 11 | N33: 12 | O33: 13 | P33: 14 | Q33: 15 | R33: 16 | S33: 17 | T33: 18 | U33: 19 | V33: 20 | W33: 21 | X33: 22 | Y33: 23 | Z33: 24 | AA33: 25 | AB33: 26 | AC33: 27 | AD33: 28 | AE33: 29 | AF33: 30
B34: DANI | C34: 1 | D34: 2 | E34: 3 | F34: 4 | G34: 5 | H34: 6 | I34: 7 | J34: 8 | K34: 9 | L34: 10 | M34: 11 | N34: 12 | O34: 13 | P34: 14 | Q34: 15 | R34: 16 | S34: 17 | T34: 18 | U34: 19 | V34: 20 | W34: 21 | X34: 22 | Y34: 23 | Z34: 24 | AA34: 25 | AB34: 26 | AC34: 27 | AD34: 28 | AE34: 29 | AF34: 30
B35: EDUARDO | C35: 1 | D35: 2 | E35: 3 | F35: 4 | G35: 5 | H35: 6 | I35: 7 | J35: 8 | K35: 9 | L35: 10 | M35: 11 | N35: 12 | O35: 13 | P35: 14 | Q35: 15 | R35: 16 | S35: 17 | T35: 18 | U35: 19 | V35: 20 | W35: 21 | X35: 22 | Y35: 23 | Z35: 24 | AA35: 25 | AB35: 26 | AC35: 27 | AD35: 28 | AE35: 29 | AF35: 30
B36: FERNANDO LOURIDO | C36: 1 | D36: 2 | E36: 3 | F36: 4 | G36: 5 | H36: 6 | I36: 7 | J36: 8 | K36: 9 | L36: 10 | M36: 11 | N36: 12 | O36: 13 | P36: 14 | Q36: 15 | R36: 16 | S36: 17 | T36: 18 | U36: 19 | V36: 20 | W36: 21 | X36: 22 | Y36: 23 | Z36: 24 | AA36: 25 | AB36: 26 | AC36: 27 | AD36: 28 | AE36: 29 | AF36: 30
B37: FELIPE | C37: 1 | D37: 2 | E37: 3 | F37: 4 | G37: 5 | H37: 6 | I37: 7 | J37: 8 | K37: 9 | L37: 10 | M37: 11 | N37: 12 | O37: 13 | P37: 14 | Q37: 15 | R37: 16 | S37: 17 | T37: 18 | U37: 19 | V37: 20 | W37: 21 | X37: 22 | Y37: 23 | Z37: 24 | AA37: 25 | AB37: 26 | AC37: 27 | AD37: 28 | AE37: 29 | AF37: 30
B38: 45413
C39: Ju | D39: Vi | E39: Sá | F39: Do | G39: Lu | H39: Ma | I39: Mi | J39: Ju | K39: Vi | L39: Sá | M39: Do | N39: Lu | O39: Ma | P39: Mi | Q39: Ju | R39: Vi | S39: Sá | T39: Do | U39: Lu | V39: Ma | W39: Mi | X39: Ju | Y39: Vi | Z39: Sá | AA39: Do | AB39: Lu | AC39: Ma | AD39: Mi | AE39: Ju | AF39: Vi | AG39: Sá | AI39: Fichero Oficial de Vacaciones 2025
B40: JORGE | C40: 1 | D40: 2 | E40: 3 | F40: 4 | G40: 5 | H40: 6 | I40: 7 | J40: 8 | K40: 9 | L40: 10 | M40: 11 | N40: 12 | O40: 13 | P40: 14 | Q40: 15 | R40: 16 | S40: 17 | T40: 18 | U40: 19 | V40: 20 | W40: 21 | X40: 22 | Y40: 23 | Z40: 24 | AA40: 25 | AB40: 26 | AC40: 27 | AD40: 28 | AE40: 29 | AF40: 30 | AG40: 31
B41: ISRAEL HURTADO | C41: 1 | D41: 2 | E41: 3 | F41: 4 | G41: 5 | H41: 6 | I41: 7 | J41: 8 | K41: 9 | L41: 10 | M41: 11 | N41: 12 | O41: 13 | P41: 14 | Q41: 15 | R41: 16 | S41: 17 | T41: 18 | U41: 19 | V41: 20 | W41: 21 | X41: 22 | Y41: 23 | Z41: 24 | AA41: 25 | AB41: 26 | AC41: 27 | AD41: 28 | AE41: 29 | AF41: 30 | AG41: 31
B42: CHEMA | C42: 1 | D42: 2 | E42: 3 | F42: 4 | G42: 5 | H42: 6 | I42: 7 | J42: 8 | K42: 9 | L42: 10 | M42: 11 | N42: 12 | O42: 13 | P42: 14 | Q42: 15 | R42: 16 | S42: 17 | T42: 18 | U42: 19 | V42: 20 | W42: 21 | X42: 22 | Y42: 23 | Z42: 24 | AA42: 25 | AB42: 26 | AC42: 27 | AD42: 28 | AE42: 29 | AF42: 30 | AG42: 31
B43: DANI | C43: 1 | D43: 2 | E43: 3 | F43: 4 | G43: 5 | H43: 6 | I43: 7 | J43: 8 | K43: 9 | L43: 10 | M43: 11 | N43: 12 | O43: 13 | P43: 14 | Q43: 15 | R43: 16 | S43: 17 | T43: 18 | U43: 19 | V43: 20 | W43: 21 | X43: 22 | Y43: 23 | Z43: 24 | AA43: 25 | AB43: 26 | AC43: 27 | AD43: 28 | AE43: 29 | AF43: 30 | AG43: 31
B44: EDUARDO | C44: 1 | D44: 2 | E44: 3 | F44: 4 | G44: 5 | H44: 6 | I44: 7 | J44: 8 | K44: 9 | L44: 10 | M44: 11 | N44: 12 | O44: 13 | P44: 14 | Q44: 15 | R44: 16 | S44: 17 | T44: 18 | U44: 19 | V44: 20 | W44: 21 | X44: 22 | Y44: 23 | Z44: 24 | AA44: 25 | AB44: 26 | AC44: 27 | AD44: 28 | AE44: 29 | AF44: 30 | AG44: 31
B45: FERNANDO LOURIDO | C45: 1 | D45: 2 | E45: 3 | F45: 4 | G45: 5 | H45: 6 | I45: 7 | J45: 8 | K45: 9 | L45: 10 | M45: 11 | N45: 12 | O45: 13 | P45: 14 | Q45: 15 | R45: 16 | S45: 17 | T45: 18 | U45: 19 | V45: 20 | W45: 21 | X45: 22 | Y45: 23 | Z45: 24 | AA45: 25 | AB45: 26 | AC45: 27 | AD45: 28 | AE45: 29 | AF45: 30 | AG45: 31
B46: FELIPE | C46: 1 | D46: 2 | E46: 3 | F46: 4 | G46: 5 | H46: 6 | I46: 7 | J46: 8 | K46: 9 | L46: 10 | M46: 11 | N46: 12 | O46: 13 | P46: 14 | Q46: 15 | R46: 16 | S46: 17 | T46: 18 | U46: 19 | V46: 20 | W46: 21 | X46: 22 | Y46: 23 | Z46: 24 | AA46: 25 | AB46: 26 | AC46: 27 | AD46: 28 | AE46: 29 | AF46: 30 | AG46: 31
B47: 45444
C48: Do | D48: Lu | E48: Ma | F48: Mi | G48: Ju | H48: Vi | I48: Sá | J48: Do | K48: Lu | L48: Ma | M48: Mi | N48: Ju | O48: Vi | P48: Sá | Q48: Do | R48: Lu | S48: Ma | T48: Mi | U48: Ju | V48: Vi | W48: Sá | X48: Do | Y48: Lu | Z48: Ma | AA48: Mi | AB48: Ju | AC48: Vi | AD48: Sá | AE48: Do | AF48: Lu | AI48: Fichero Oficial de Vacaciones 2025
B49: JORGE | C49: 1 | D49: 2 | E49: 3 | F49: 4 | G49: 5 | H49: 6 | I49: 7 | J49: 8 | K49: 9 | L49: 10 | M49: 11 | N49: 12 | O49: 13 | P49: 14 | Q49: 15 | R49: 16 | S49: 17 | T49: 18 | U49: 19 | V49: 20 | W49: 21 | X49: 22 | Y49: 23 | Z49: 24 | AA49: 25 | AB49: 26 | AC49: 27 | AD49: 28 | AE49: 29 | AF49: 30
B50: ISRAEL HURTADO | C50: 1 | D50: 2 | E50: 3 | F50: 4 | G50: 5 | H50: 6 | I50: 7 | J50: 8 | K50: 9 | L50: 10 | M50: 11 | N50: 12 | O50: 13 | P50: 14 | Q50: 15 | R50: 16 | S50: 17 | T50: 18 | U50: 19 | V50: 20 | W50: 21 | X50: 22 | Y50: 23 | Z50: 24 | AA50: 25 | AB50: 26 | AC50: 27 | AD50: 28 | AE50: 29 | AF50: 30
B51: CHEMA | C51: 1 | D51: 2 | E51: 3 | F51: 4 | G51: 5 | H51: 6 | I51: 7 | J51: 8 | K51: 9 | L51: 10 | M51: 11 | N51: 12 | O51: 13 | P51: 14 | Q51: 15 | R51: 16 | S51: 17 | T51: 18 | U51: 19 | V51: 20 | W51: 21 | X51: 22 | Y51: 23 | Z51: 24 | AA51: 25 | AB51: 26 | AC51: 27 | AD51: 28 | AE51: 29 | AF51: 30
B52: DANI | C52: 1 | D52: 2 | E52: 3 | F52: 4 | G52: 5 | H52: 6 | I52: 7 | J52: 8 | K52: 9 | L52: 10 | M52: 11 | N52: 12 | O52: 13 | P52: 14 | Q52: 15 | R52: 16 | S52: 17 | T52: 18 | U52: 19 | V52: 20 | W52: 21 | X52: 22 | Y52: 23 | Z52: 24 | AA52: 25 | AB52: 26 | AC52: 27 | AD52: 28 | AE52: 29 | AF52: 30
B53: EDUARDO | C53: 1 | D53: 2 | E53: 3 | F53: 4 | G53: 5 | H53: 6 | I53: 7 | J53: 8 | K53: 9 | L53: 10 | M53: 11 | N53: 12 | O53: 13 | P53: 14 | Q53: 15 | R53: 16 | S53: 17 | T53: 18 | U53: 19 | V53: 20 | W53: 21 | X53: 22 | Y53: 23 | Z53: 24 | AA53: 25 | AB53: 26 | AC53: 27 | AD53: 28 | AE53: 29 | AF53: 30
B54: FERNANDO LOURIDO | C54: 1 | D54: 2 | E54: 3 | F54: 4 | G54: 5 | H54: 6 | I54: 7 | J54: 8 | K54: 9 | L54: 10 | M54: 11 | N54: 12 | O54: 13 | P54: 14 | Q54: 15 | R54: 16 | S54: 17 | T54: 18 | U54: 19 | V54: 20 | W54: 21 | X54: 22 | Y54: 23 | Z54: 24 | AA54: 25 | AB54: 26 | AC54: 27 | AD54: 28 | AE54: 29 | AF54: 30
B55: FELIPE | C55: 1 | D55: 2 | E55: 3 | F55: 4 | G55: 5 | H55: 6 | I55: 7 | J55: 8 | K55: 9 | L55: 10 | M55: 11 | N55: 12 | O55: 13 | P55: 14 | Q55: 15 | R55: 16 | S55: 17 | T55: 18 | U55: 19 | V55: 20 | W55: 21 | X55: 22 | Y55: 23 | Z55: 24 | AA55: 25 | AB55: 26 | AC55: 27 | AD55: 28 | AE55: 29 | AF55: 30
B56: 45474
C57: Ma | D57: Mi | E57: Ju | F57: Vi | G57: Sá | H57: Do | I57: Lu | J57: Ma | K57: Mi | L57: Ju | M57: Vi | N57: Sá | O57: Do | P57: Lu | Q57: Ma | R57: Mi | S57: Ju | T57: Vi | U57: Sá | V57: Do | W57: Lu | X57: Ma | Y57: Mi | Z57: Ju | AA57: Vi | AB57: Sá | AC57: Do | AD57: Lu | AE57: Ma | AF57: Mi | AG57: Ju | AI57: Fichero Oficial de Vacaciones 2025
B58: JORGE | C58: 1 | D58: 2 | E58: 3 | F58: 4 | G58: 5 | H58: 6 | I58: 7 | J58: 8 | K58: 9 | L58: 10 | M58: 11 | N58: 12 | O58: 13 | P58: 14 | Q58: 15 | R58: 16 | S58: 17 | T58: 18 | U58: 19 | V58: 20 | W58: 21 | X58: 22 | Y58: 23 | Z58: 24 | AA58: 25 | AB58: 26 | AC58: 27 | AD58: 28 | AE58: 29 | AF58: 30 | AG58: 31
B59: ISRAEL HURTADO | C59: 1 | D59: 2 | E59: 3 | F59: 4 | G59: 5 | H59: 6 | I59: 7 | J59: 8 | K59: 9 | L59: 10 | M59: 11 | N59: 12 | O59: 13 | P59: 14 | Q59: 15 | R59: 16 | S59: 17 | T59: 18 | U59: 19 | V59: 20 | W59: 21 | X59: 22 | Y59: 23 | Z59: 24 | AA59: 25 | AB59: 26 | AC59: 27 | AD59: 28 | AE59: 29 | AF59: 30 | AG59: 31
B60: CHEMA | C60: 1 | D60: 2 | E60: 3 | F60: 4 | G60: 5 | H60: 6 | I60: 7 | J60: 8 | K60: 9 | L60: 10 | M60: 11 | N60: 12 | O60: 13 | P60: 14 | Q60: 15 | R60: 16 | S60: 17 | T60: 18 | U60: 19 | V60: 20 | W60: 21 | X60: 22 | Y60: 23 | Z60: 24 | AA60: 25 | AB60: 26 | AC60: 27 | AD60: 28 | AE60: 29 | AF60: 30 | AG60: 31
B61: DANI | C61: 1 | D61: 2 | E61: 3 | F61: 4 | G61: 5 | H61: 6 | I61: 7 | J61: 8 | K61: 9 | L61: 10 | M61: 11 | N61: 12 | O61: 13 | P61: 14 | Q61: 15 | R61: 16 | S61: 17 | T61: 18 | U61: 19 | V61: 20 | W61: 21 | X61: 22 | Y61: 23 | Z61: 24 | AA61: 25 | AB61: 26 | AC61: 27 | AD61: 28 | AE61: 29 | AF61: 30 | AG61: 31
B62: EDUARDO | C62: 1 | D62: 2 | E62: 3 | F62: 4 | G62: 5 | H62: 6 | I62: 7 | J62: 8 | K62: 9 | L62: 10 | M62: 11 | N62: 12 | O62: 13 | P62: 14 | Q62: 15 | R62: 16 | S62: 17 | T62: 18 | U62: 19 | V62: 20 | W62: 21 | X62: 22 | Y62: 23 | Z62: 24 | AA62: 25 | AB62: 26 | AC62: 27 | AD62: 28 | AE62: 29 | AF62: 30 | AG62: 31
B63: FERNANDO LOURIDO | C63: 1 | D63: 2 | E63: 3 | F63: 4 | G63: 5 | H63: 6 | I63: 7 | J63: 8 | K63: 9 | L63: 10 | M63: 11 | N63: 12 | O63: 13 | P63: 14 | Q63: 15 | R63: 16 | S63: 17 | T63: 18 | U63: 19 | V63: 20 | W63: 21 | X63: 22 | Y63: 23 | Z63: 24 | AA63: 25 | AB63: 26 | AC63: 27 | AD63: 28 | AE63: 29 | AF63: 30 | AG63: 31
B64: FELIPE | C64: 1 | D64: 2 | E64: 3 | F64: 4 | G64: 5 | H64: 6 | I64: 7 | J64: 8 | K64: 9 | L64: 10 | M64: 11 | N64: 12 | O64: 13 | P64: 14 | Q64: 15 | R64: 16 | S64: 17 | T64: 18 | U64: 19 | V64: 20 | W64: 21 | X64: 22 | Y64: 23 | Z64: 24 | AA64: 25 | AB64: 26 | AC64: 27 | AD64: 28 | AE64: 29 | AF64: 30 | AG64: 31
B65: 45505
C66: Vi | D66: Sá | E66: Do | F66: Lu | G66: Ma | H66: Mi | I66: Ju | J66: Vi | K66: Sá | L66: Do | M66: Lu | N66: Ma | O66: Mi | P66: Ju | Q66: Vi | R66: Sá | S66: Do | T66: Lu | U66: Ma | V66: Mi | W66: Ju | X66: Vi | Y66: Sá | Z66: Do | AA66: Lu | AB66: Ma | AC66: Mi | AD66: Ju | AE66: Vi | AF66: Sá | AG66: Do | AI66: Fichero Oficial de Vacaciones 2025
B67: JORGE | C67: 1 | D67: 2 | E67: 3 | F67: 4 | G67: 5 | H67: 6 | I67: 7 | J67: 8 | K67: 9 | L67: 10 | M67: 11 | N67: 12 | O67: 13 | P67: 14 | Q67: 15 | R67: 16 | S67: 17 | T67: 18 | U67: 19 | V67: 20 | W67: 21 | X67: 22 | Y67: 23 | Z67: 24 | AA67: 25 | AB67: 26 | AC67: 27 | AD67: 28 | AE67: 29 | AF67: 30 | AG67: 31
B68: ISRAEL HURTADO | C68: 1 | D68: 2 | E68: 3 | F68: 4 | G68: 5 | H68: 6 | I68: 7 | J68: 8 | K68: 9 | L68: 10 | M68: 11 | N68: 12 | O68: 13 | P68: 14 | Q68: 15 | R68: 16 | S68: 17 | T68: 18 | U68: 19 | V68: 20 | W68: 21 | X68: 22 | Y68: 23 | Z68: 24 | AA68: 25 | AB68: 26 | AC68: 27 | AD68: 28 | AE68: 29 | AF68: 30 | AG68: 31
B69: CHEMA | C69: 1 | D69: 2 | E69: 3 | F69: 4 | G69: 5 | H69: 6 | I69: 7 | J69: 8 | K69: 9 | L69: 10 | M69: 11 | N69: 12 | O69: 13 | P69: 14 | Q69: 15 | R69: 16 | S69: 17 | T69: 18 | U69: 19 | V69: 20 | W69: 21 | X69: 22 | Y69: 23 | Z69: 24 | AA69: 25 | AB69: 26 | AC69: 27 | AD69: 28 | AE69: 29 | AF69: 30 | AG69: 31
B70: DANI | C70: 1 | D70: 2 | E70: 3 | F70: 4 | G70: 5 | H70: 6 | I70: 7 | J70: 8 | K70: 9 | L70: 10 | M70: 11 | N70: 12 | O70: 13 | P70: 14 | Q70: 15 | R70: 16 | S70: 17 | T70: 18 | U70: 19 | V70: 20 | W70: 21 | X70: 22 | Y70: 23 | Z70: 24 | AA70: 25 | AB70: 26 | AC70: 27 | AD70: 28 | AE70: 29 | AF70: 30 | AG70: 31
B71: EDUARDO | C71: 1 | D71: 2 | E71: 3 | F71: 4 | G71: 5 | H71: 6 | I71: 7 | J71: 8 | K71: 9 | L71: 10 | M71: 11 | N71: 12 | O71: 13 | P71: 14 | Q71: 15 | R71: 16 | S71: 17 | T71: 18 | U71: 19 | V71: 20 | W71: 21 | X71: 22 | Y71: 23 | Z71: 24 | AA71: 25 | AB71: 26 | AC71: 27 | AD71: 28 | AE71: 29 | AF71: 30 | AG71: 31
B72: FERNANDO LOURIDO | C72: 1 | D72: 2 | E72: 3 | F72: 4 | G72: 5 | H72: 6 | I72: 7 | J72: 8 | K72: 9 | L72: 10 | M72: 11 | N72: 12 | O72: 13 | P72: 14 | Q72: 15 | R72: 16 | S72: 17 | T72: 18 | U72: 19 | V72: 20 | W72: 21 | X72: 22 | Y72: 23 | Z72: 24 | AA72: 25 | AB72: 26 | AC72: 27 | AD72: 28 | AE72: 29 | AF72: 30 | AG72: 31
B73: FELIPE | C73: 1 | D73: 2 | E73: 3 | F73: 4 | G73: 5 | H73: 6 | I73: 7 | J73: 8 | K73: 9 | L73: 10 | M73: 11 | N73: 12 | O73: 13 | P73: 14 | Q73: 15 | R73: 16 | S73: 17 | T73: 18 | U73: 19 | V73: 20 | W73: 21 | X73: 22 | Y73: 23 | Z73: 24 | AA73: 25 | AB73: 26 | AC73: 27 | AD73: 28 | AE73: 29 | AF73: 30 | AG73: 31
B74: 45536
C75: Lu | D75: Ma | E75: Mi | F75: Ju | G75: Vi | H75: Sá | I75: Do | J75: Lu | K75: Ma | L75: Mi | M75: Ju | N75: Vi | O75: Sá | P75: Do | Q75: Lu | R75: Ma | S75: Mi | T75: Ju | U75: Vi | V75: Sá | W75: Do | X75: Lu | Y75: Ma | Z75: Mi | AA75: Ju | AB75: Vi | AC75: Sá | AD75: Do | AE75: Lu | AF75: Ma | AI75: Fichero Oficial de Vacaciones 2025
B76: JORGE | C76: 1 | D76: 2 | E76: 3 | F76: 4 | G76: 5 | H76: 6 | I76: 7 | J76: 8 | K76: 9 | L76: 10 | M76: 11 | N76: 12 | O76: 13 | P76: 14 | Q76: 15 | R76: 16 | S76: 17 | T76: 18 | U76: 19 | V76: 20 | W76: 21 | X76: 22 | Y76: 23 | Z76: 24 | AA76: 25 | AB76: 26 | AC76: 27 | AD76: 28 | AE76: 29 | AF76: 30
B77: ISRAEL HURTADO | C77: 1 | D77: 2 | E77: 3 | F77: 4 | G77: 5 | H77: 6 | I77: 7 | J77: 8 | K77: 9 | L77: 10 | M77: 11 | N77: 12 | O77: 13 | P77: 14 | Q77: 15 | R77: 16 | S77: 17 | T77: 18 | U77: 19 | V77: 20 | W77: 21 | X77: 22 | Y77: 23 | Z77: 24 | AA77: 25 | AB77: 26 | AC77: 27 | AD77: 28 | AE77: 29 | AF77: 30
B78: CHEMA | C78: 1 | D78: 2 | E78: 3 | F78: 4 | G78: 5 | H78: 6 | I78: 7 | J78: 8 | K78: 9 | L78: 10 | M78: 11 | N78: 12 | O78: 13 | P78: 14 | Q78: 15 | R78: 16 | S78: 17 | T78: 18 | U78: 19 | V78: 20 | W78: 21 | X78: 22 | Y78: 23 | Z78: 24 | AA78: 25 | AB78: 26 | AC78: 27 | AD78: 28 | AE78: 29 | AF78: 30
B79: DANI | C79: 1 | D79: 2 | E79: 3 | F79: 4 | G79: 5 | H79: 6 | I79: 7 | J79: 8 | K79: 9 | L79: 10 | M79: 11 | N79: 12 | O79: 13 | P79: 14 | Q79: 15 | R79: 16 | S79: 17 | T79: 18 | U79: 19 | V79: 20 | W79: 21 | X79: 22 | Y79: 23 | Z79: 24 | AA79: 25 | AB79: 26 | AC79: 27 | AD79: 28 | AE79: 29 | AF79: 30
B80: EDUARDO | C80: 1 | D80: 2 | E80: 3 | F80: 4 | G80: 5 | H80: 6 | I80: 7 | J80: 8 | K80: 9 | L80: 10 | M80: 11 | N80: 12 | O80: 13 | P80: 14 | Q80: 15 | R80: 16 | S80: 17 | T80: 18 | U80: 19 | V80: 20 | W80: 21 | X80: 22 | Y80: 23 | Z80: 24 | AA80: 25 | AB80: 26 | AC80: 27 | AD80: 28 | AE80: 29 | AF80: 30
B81: FERNANDO LOURIDO | C81: 1 | D81: 2 | E81: 3 | F81: 4 | G81: 5 | H81: 6 | I81: 7 | J81: 8 | K81: 9 | L81: 10 | M81: 11 | N81: 12 | O81: 13 | P81: 14 | Q81: 15 | R81: 16 | S81: 17 | T81: 18 | U81: 19 | V81: 20 | W81: 21 | X81: 22 | Y81: 23 | Z81: 24 | AA81: 25 | AB81: 26 | AC81: 27 | AD81: 28 | AE81: 29 | AF81: 30
B82: FELIPE | C82: 1 | D82: 2 | E82: 3 | F82: 4 | G82: 5 | H82: 6 | I82: 7 | J82: 8 | K82: 9 | L82: 10 | M82: 11 | N82: 12 | O82: 13 | P82: 14 | Q82: 15 | R82: 16 | S82: 17 | T82: 18 | U82: 19 | V82: 20 | W82: 21 | X82: 22 | Y82: 23 | Z82: 24 | AA82: 25 | AB82: 26 | AC82: 27 | AD82: 28 | AE82: 29 | AF82: 30
B83: 45566
C84: Mi | D84: Ju | E84: Vi | F84: Sá | G84: Do | H84: Lu | I84: Ma | J84: Mi | K84: Ju | L84: Vi | M84: Sá | N84: Do | O84: Lu | P84: Ma | Q84: Mi | R84: Ju | S84: Vi | T84: Sá | U84: Do | V84: Lu | W84: Ma | X84: Mi | Y84: Ju | Z84: Vi | AA84: Sá | AB84: Do | AC84: Lu | AD84: Ma | AE84: Mi | AF84: Ju | AG84: Vi | AI84: Fichero Oficial de Vacaciones 2025
B85: JORGE | C85: 1 | D85: 2 | E85: 3 | F85: 4 | G85: 5 | H85: 6 | I85: 7 | J85: 8 | K85: 9 | L85: 10 | M85: 11 | N85: 12 | O85: 13 | P85: 14 | Q85: 15 | R85: 16 | S85: 17 | T85: 18 | U85: 19 | V85: 20 | W85: 21 | X85: 22 | Y85: 23 | Z85: 24 | AA85: 25 | AB85: 26 | AC85: 27 | AD85: 28 | AE85: 29 | AF85: 30 | AG85: 31
B86: ISRAEL HURTADO | C86: 1 | D86: 2 | E86: 3 | F86: 4 | G86: 5 | H86: 6 | I86: 7 | J86: 8 | K86: 9 | L86: 10 | M86: 11 | N86: 12 | O86: 13 | P86: 14 | Q86: 15 | R86: 16 | S86: 17 | T86: 18 | U86: 19 | V86: 20 | W86: 21 | X86: 22 | Y86: 23 | Z86: 24 | AA86: 25 | AB86: 26 | AC86: 27 | AD86: 28 | AE86: 29 | AF86: 30 | AG86: 31
B87: CHEMA | C87: 1 | D87: 2 | E87: 3 | F87: 4 | G87: 5 | H87: 6 | I87: 7 | J87: 8 | K87: 9 | L87: 10 | M87: 11 | N87: 12 | O87: 13 | P87: 14 | Q87: 15 | R87: 16 | S87: 17 | T87: 18 | U87: 19 | V87: 20 | W87: 21 | X87: 22 | Y87: 23 | Z87: 24 | AA87: 25 | AB87: 26 | AC87: 27 | AD87: 28 | AE87: 29 | AF87: 30 | AG87: 31
B88: DANI | C88: 1 | D88: 2 | E88: 3 | F88: 4 | G88: 5 | H88: 6 | I88: 7 | J88: 8 | K88: 9 | L88: 10 | M88: 11 | N88: 12 | O88: 13 | P88: 14 | Q88: 15 | R88: 16 | S88: 17 | T88: 18 | U88: 19 | V88: 20 | W88: 21 | X88: 22 | Y88: 23 | Z88: 24 | AA88: 25 | AB88: 26 | AC88: 27 | AD88: 28 | AE88: 29 | AF88: 30 | AG88: 31
B89: EDUARDO | C89: 1 | D89: 2 | E89: 3 | F89: 4 | G89: 5 | H89: 6 | I89: 7 | J89: 8 | K89: 9 | L89: 10 | M89: 11 | N89: 12 | O89: 13 | P89: 14 | Q89: 15 | R89: 16 | S89: 17 | T89: 18 | U89: 19 | V89: 20 | W89: 21 | X89: 22 | Y89: 23 | Z89: 24 | AA89: 25 | AB89: 26 | AC89: 27 | AD89: 28 | AE89: 29 | AF89: 30 | AG89: 31
B90: FERNANDO LOURIDO | C90: 1 | D90: 2 | E90: 3 | F90: 4 | G90: 5 | H90: 6 | I90: 7 | J90: 8 | K90: 9 | L90: 10 | M90: 11 | N90: 12 | O90: 13 | P90: 14 | Q90: 15 | R90: 16 | S90: 17 | T90: 18 | U90: 19 | V90: 20 | W90: 21 | X90: 22 | Y90: 23 | Z90: 24 | AA90: 25 | AB90: 26 | AC90: 27 | AD90: 28 | AE90: 29 | AF90: 30 | AG90: 31
B91: FELIPE | C91: 1 | D91: 2 | E91: 3 | F91: 4 | G91: 5 | H91: 6 | I91: 7 | J91: 8 | K91: 9 | L91: 10 | M91: 11 | N91: 12 | O91: 13 | P91: 14 | Q91: 15 | R91: 16 | S91: 17 | T91: 18 | U91: 19 | V91: 20 | W91: 21 | X91: 22 | Y91: 23 | Z91: 24 | AA91: 25 | AB91: 26 | AC91: 27 | AD91: 28 | AE91: 29 | AF91: 30 | AG91: 31
B92: 45597
C93: Sá | D93: Do | E93: Lu | F93: Ma | G93: Mi | H93: Ju | I93: Vi | J93: Sá | K93: Do | L93: Lu | M93: Ma | N93: Mi | O93: Ju | P93: Vi | Q93: Sá | R93: Do | S93: Lu | T93: Ma | U93: Mi | V93: Ju | W93: Vi | X93: Sá | Y93: Do | Z93: Lu | AA93: Ma | AB93: Mi | AC93: Ju | AD93: Vi | AE93: Sá | AF93: Do | AI93: Fichero Oficial de Vacaciones 2025
B94: JORGE | C94: 1 | D94: 2 | E94: 3 | F94: 4 | G94: 5 | H94: 6 | I94: 7 | J94: 8 | K94: 9 | L94: 10 | M94: 11 | N94: 12 | O94: 13 | P94: 14 | Q94: 15 | R94: 16 | S94: 17 | T94: 18 | U94: 19 | V94: 20 | W94: 21 | X94: 22 | Y94: 23 | Z94: 24 | AA94: 25 | AB94: 26 | AC94: 27 | AD94: 28 | AE94: 29 | AF94: 30
B95: ISRAEL HURTADO | C95: 1 | D95: 2 | E95: 3 | F95: 4 | G95: 5 | H95: 6 | I95: 7 | J95: 8 | K95: 9 | L95: 10 | M95: 11 | N95: 12 | O95: 13 | P95: 14 | Q95: 15 | R95: 16 | S95: 17 | T95: 18 | U95: 19 | V95: 20 | W95: 21 | X95: 22 | Y95: 23 | Z95: 24 | AA95: 25 | AB95: 26 | AC95: 27 | AD95: 28 | AE95: 29 | AF95: 30
B96: CHEMA | C96: 1 | D96: 2 | E96: 3 | F96: 4 | G96: 5 | H96: 6 | I96: 7 | J96: 8 | K96: 9 | L96: 10 | M96: 11 | N96: 12 | O96: 13 | P96: 14 | Q96: 15 | R96: 16 | S96: 17 | T96: 18 | U96: 19 | V96: 20 | W96: 21 | X96: 22 | Y96: 23 | Z96: 24 | AA96: 25 | AB96: 26 | AC96: 27 | AD96: 28 | AE96: 29 | AF96: 30
B97: DANI | C97: 1 | D97: 2 | E97: 3 | F97: 4 | G97: 5 | H97: 6 | I97: 7 | J97: 8 | K97: 9 | L97: 10 | M97: 11 | N97: 12 | O97: 13 | P97: 14 | Q97: 15 | R97: 16 | S97: 17 | T97: 18 | U97: 19 | V97: 20 | W97: 21 | X97: 22 | Y97: 23 | Z97: 24 | AA97: 25 | AB97: 26 | AC97: 27 | AD97: 28 | AE97: 29 | AF97: 30
B98: EDUARDO | C98: 1 | D98: 2 | E98: 3 | F98: 4 | G98: 5 | H98: 6 | I98: 7 | J98: 8 | K98: 9 | L98: 10 | M98: 11 | N98: 12 | O98: 13 | P98: 14 | Q98: 15 | R98: 16 | S98: 17 | T98: 18 | U98: 19 | V98: 20 | W98: 21 | X98: 22 | Y98: 23 | Z98: 24 | AA98: 25 | AB98: 26 | AC98: 27 | AD98: 28 | AE98: 29 | AF98: 30
B99: FERNANDO LOURIDO | C99: 1 | D99: 2 | E99: 3 | F99: 4 | G99: 5 | H99: 6 | I99: 7 | J99: 8 | K99: 9 | L99: 10 | M99: 11 | N99: 12 | O99: 13 | P99: 14 | Q99: 15 | R99: 16 | S99: 17 | T99: 18 | U99: 19 | V99: 20 | W99: 21 | X99: 22 | Y99: 23 | Z99: 24 | AA99: 25 | AB99: 26 | AC99: 27 | AD99: 28 | AE99: 29 | AF99: 30
B100: FELIPE | C100: 1 | D100: 2 | E100: 3 | F100: 4 | G100: 5 | H100: 6 | I100: 7 | J100: 8 | K100: 9 | L100: 10 | M100: 11 | N100: 12 | O100: 13 | P100: 14 | Q100: 15 | R100: 16 | S100: 17 | T100: 18 | U100: 19 | V100: 20 | W100: 21 | X100: 22 | Y100: 23 | Z100: 24 | AA100: 25 | AB100: 26 | AC100: 27 | AD100: 28 | AE100: 29 | AF100: 30
B101: 45627
C102: Lu | D102: Ma | E102: Mi | F102: Ju | G102: Vi | H102: Sá | I102: Do | J102: Lu | K102: Ma | L102: Mi | M102: Ju | N102: Vi | O102: Sá | P102: Do | Q102: Lu | R102: Ma | S102: Mi | T102: Ju | U102: Vi | V102: Sá | W102: Do | X102: Lu | Y102: Ma | Z102: Mi | AA102: Ju | AB102: Vi | AC102: Sá | AD102: Do | AE102: Lu | AF102: Ma | AG102: Mi | AI102: Fichero Oficial de Vacaciones 2025
...

Sheet Guardias Networking 2026
A1: 46023
B2: Ju | C2: Vi | D2: Sá | E2: Do | F2: Lu | G2: Ma | H2: Mi | I2: Ju | J2: Vi | K2: Sá | L2: Do | M2: Lu | N2: Ma | O2: Mi | P2: Ju | Q2: Vi | R2: Sá | S2: Do | T2: Lu | U2: Ma | V2: Mi | W2: Ju | X2: Vi | Y2: Sá | Z2: Do | AA2: Lu | AB2: Ma | AC2: Mi | AD2: Ju | AE2: Vi | AF2: Sá | AH2: Cuadrante Spain Region v17 2026.xlsx
A3: JORGE | B3: 1 | C3: V | D3: 3 | E3: 4 | F3: V | G3: 6 | H3: V | I3: V | J3: V | K3: 10 | L3: 11 | M3: V | N3: V | O3: G | P3: G | Q3: G | R3: G | S3: G | T3: G | U3: G | V3: 21 | W3: 22 | X3: 23 | Y3: 24 | Z3: 25 | AA3: 26 | AB3: 27 | AC3: G | AD3: G | AE3: G | AF3: G
A4: ISRAEL HURTADO | B4: 1 | C4: V | D4: 3 | E4: 4 | F4: V | G4: 6 | H4: V | I4: V | J4: V | K4: 10 | L4: 11 | M4: V | N4: 13 | O4: 14 | P4: 15 | Q4: 16 | R4: 17 | S4: 18 | T4: 19 | U4: 20 | V4: G | W4: G | X4: G | Y4: G | Z4: G | AA4: G | AB4: G | AC4: 28 | AD4: 29 | AE4: 30 | AF4: 31
A5: CHEMA | B5: 1 | C5: 2 | D5: 3 | E5: 4 | F5: 5 | G5: 6 | H5: G | I5: G | J5: G | K5: G | L5: G | M5: G | N5: G | O5: 14 | P5: 15 | Q5: 16 | R5: 17 | S5: 18 | T5: 19 | U5: 20 | V5: 21 | W5: 22 | X5: 23 | Y5: 24 | Z5: 25 | AA5: 26 | AB5: 27 | AC5: 28 | AD5: V | AE5: V | AF5: 31
A6: DANI | B6: G | C6: G | D6: G | E6: G | F6: G | G6: G | H6: 7 | I6: 8 | J6: 9 | K6: 10 | L6: 11 | M6: 12 | N6: 13 | O6: 14 | P6: 15 | Q6: 16 | R6: 17 | S6: 18 | T6: 19 | U6: 20 | V6: 21 | W6: 22 | X6: 23 | Y6: 24 | Z6: 25 | AA6: 26 | AB6: 27 | AC6: 28 | AD6: 29 | AE6: 30 | AF6: 31
A7: EDUARDO | B7: 1 | C7: V | D7: 3 | E7: 4 | F7: V | G7: 6 | H7: V | I7: 8 | J7: 9 | K7: 10 | L7: 11 | M7: 12 | N7: 13 | O7: 14 | P7: 15 | Q7: V | R7: 17 | S7: 18 | T7: 19 | U7: 20 | V7: 21 | W7: 22 | X7: V | Y7: 24 | Z7: 25 | AA7: 26 | AB7: 27 | AC7: 28 | AD7: 29 | AE7: V | AF7: 31
A8: FERNANDO LOURIDO | B8: 1 | C8: 2 | D8: 3 | E8: 4 | F8: 5 | G8: 6 | H8: 7 | I8: 8 | J8: 9 | K8: 10 | L8: 11 | M8: 12 | N8: 13 | O8: 14 | P8: 15 | Q8: 16 | R8: 17 | S8: 18 | T8: V | U8: V | V8: V | W8: V | X8: Vi | Y8: 24 | Z8: 25 | AA8: 26 | AB8: 27 | AC8: 28 | AD8: 29 | AE8: 30 | AF8: 31
A9: MANUEL CABANA | B9: 1 | C9: 2 | D9: 3 | E9: 4 | F9: 5 | G9: 6 | H9: 7 | I9: 8 | J9: 9 | K9: 10 | L9: 11 | M9: 12 | N9: 13 | O9: 14 | P9: 15 | Q9: 16 | R9: 17 | S9: 18 | T9: 19 | U9: 20 | V9: 21 | W9: 22 | X9: 23 | Y9: 24 | Z9: 25 | AA9: 26 | AB9: 27 | AC9: 28 | AD9: 29 | AE9: 30 | AF9: 31
A10: 46054
B11: Do | C11: Lu | D11: Ma | E11: Mi | F11: Ju | G11: Vi | H11: Sá | I11: Do | J11: Lu | K11: Ma | L11: Mi | M11: Ju | N11: Vi | O11: Sá | P11: Do | Q11: Lu | R11: Ma | S11: Mi | T11: Ju | U11: Vi | V11: Sá | W11: Do | X11: Lu | Y11: Ma | Z11: Mi | AA11: Ju | AB11: Vi | AC11: Sá | AD11: Do | AE11: Lu
A12: JORGE | B12: G | C12: G | D12: G | E12: 4 | F12: 5 | G12: 6 | H12: 7 | I12: 8 | J12: 9 | K12: 10 | L12: 11 | M12: 12 | N12: 13 | O12: 14 | P12: 15 | Q12: A | R12: 17 | S12: 18 | T12: 19 | U12: 20 | V12: 21 | W12: 22 | X12: 23 | Y12: 24 | Z12: 25 | AA12: 26 | AB12: 27 | AC12: 28
A13: ISRAEL HURTADO | B13: 1 | C13: 2 | D13: 3 | E13: 4 | F13: 5 | G13: 6 | H13: 7 | I13: 8 | J13: 9 | K13: 10 | L13: G | M13: G | N13: G | O13: G | P13: G | Q13: G | R13: G | S13: 18 | T13: 19 | U13: 20 | V13: 21 | W13: 22 | X13: 23 | Y13: 24 | Z13: 25 | AA13: 26 | AB13: 27 | AC13: 28
A14: CHEMA | B14: 1 | C14: 2 | D14: 3 | E14: G | F14: G | G14: G | H14: G | I14: G | J14: G | K14: G | L14: 11 | M14: 12 | N14: 13 | O14: 14 | P14: 15 | Q14: 16 | R14: 17 | S14: 18 | T14: 19 | U14: 20 | V14: 21 | W14: 22 | X14: 23 | Y14: 24 | Z14: 25 | AA14: 26 | AB14: 27 | AC14: 28
A15: DANI | B15: 1 | C15: 2 | D15: 3 | E15: 4 | F15: 5 | G15: 6 | H15: 7 | I15: 8 | J15: 9 | K15: 10 | L15: 11 | M15: 12 | N15: 13 | O15: 14 | P15: 15 | Q15: 16 | R15: 17 | S15: 18 | T15: 19 | U15: 20 | V15: 21 | W15: 22 | X15: 23 | Y15: 24 | Z15: 25 | AA15: 26 | AB15: 27 | AC15: 28
A16: EDUARDO | B16: 1 | C16: 2 | D16: 3 | E16: 4 | F16: 5 | G16: 6 | H16: 7 | I16: 8 | J16: 9 | K16: 10 | L16: 11 | M16: 12 | N16: V | O16: 14 | P16: 15 | Q16: 16 | R16: A | S16: 18 | T16: A | U16: 20 | V16: 21 | W16: 22 | X16: 23 | Y16: 24 | Z16: 25 | AA16: 26 | AB16: 27 | AC16: 28
A17: FERNANDO LOURIDO | B17: 1 | C17: 2 | D17: 3 | E17: 4 | F17: 5 | G17: 6 | H17: 7 | I17: 8 | J17: 9 | K17: 10 | L17: 11 | M17: 12 | N17: 13 | O17: 14 | P17: 15 | Q17: 16 | R17: 17 | S17: G | T17: G | U17: G | V17: G | W17: G | X17: G | Y17: G | Z17: 25 | AA17: 26 | AB17: 27 | AC17: 28
A18: MANUEL CABANA | B18: 1 | C18: 2 | D18: 3 | E18: 4 | F18: 5 | G18: 6 | H18: 7 | I18: 8 | J18: 9 | K18: 10 | L18: 11 | M18: 12 | N18: 13 | O18: 14 | P18: 15 | Q18: 16 | R18: 17 | S18: 18 | T18: 19 | U18: 20 | V18: 21 | W18: 22 | X18: 23 | Y18: 24 | Z18: G | AA18: G | AB18: G | AC18: G
A19: 46082
B20: Do | C20: Lu | D20: Ma | E20: Mi | F20: Ju | G20: Vi | H20: Sá | I20: Do | J20: Lu | K20: Ma | L20: Mi | M20: Ju | N20: Vi | O20: Sá | P20: Do | Q20: Lu | R20: Ma | S20: Mi | T20: Ju | U20: Vi | V20: Sá | W20: Do | X20: Lu | Y20: Ma | Z20: Mi | AA20: Ju | AB20: Vi | AC20: Sá | AD20: Do | AE20: Lu | AF20: Ma
A21: JORGE | B21: 1 | C21: 2 | D21: 3 | E21: 4 | F21: 5 | G21: 6 | H21: 7 | I21: 8 | J21: 9 | K21: 10 | L21: 11 | M21: 12 | N21: 13 | O21: 14 | P21: 15 | Q21: 16 | R21: 17 | S21: 18 | T21: 19 | U21: 20 | V21: 21 | W21: 22 | X21: 23 | Y21: 24 | Z21: G | AA21: G | AB21: G | AC21: G | AD21: G | AE21: G | AF21: G
A22: ISRAEL HURTADO | B22: 1 | C22: 2 | D22: 3 | E22: 4 | F22: 5 | G22: 6 | H22: 7 | I22: 8 | J22: 9 | K22: 10 | L22: A | M22: 12 | N22: 13 | O22: 14 | P22: 15 | Q22: A | R22: 17 | S22: G | T22: G | U22: G | V22: G | W22: G | X22: G | Y22: G | Z22: 25 | AA22: 26 | AB22: 27 | AC22: 28 | AD22: 29 | AE22: 30 | AF22: 31
A23: CHEMA | B23: 1 | C23: 2 | D23: 3 | E23: 4 | F23: 5 | G23: 6 | H23: 7 | I23: 8 | J23: 9 | K23: 10 | L23: G | M23: G | N23: G | O23: G | P23: G | Q23: G | R23: G | S23: 18 | T23: 19 | U23: 20 | V23: 21 | W23: 22 | X23: 23 | Y23: 24 | Z23: 25 | AA23: 26 | AB23: 27 | AC23: 28 | AD23: 29 | AE23: 30 | AF23: 31
A24: DANI | B24: 1 | C24: 2 | D24: 3 | E24: G | F24: G | G24: G | H24: G | I24: G | J24: G | K24: G | L24: 11 | M24: 12 | N24: A | O24: 14 | P24: 15 | Q24: 16 | R24: 17 | S24: 18 | T24: 19 | U24: 20 | V24: 21 | W24: 22 | X24: 23 | Y24: 24 | Z24: 25 | AA24: 26 | AB24: 27 | AC24: 28 | AD24: 29 | AE24: V | AF24: V
A25: EDUARDO | B25: 1 | C25: 2 | D25: 3 | E25: 4 | F25: 5 | G25: 6 | H25: 7 | I25: 8 | J25: 9 | K25: 10 | L25: 11 | M25: 12 | N25: 13 | O25: 14 | P25: 15 | Q25: 16 | R25: 17 | S25: 18 | T25: 19 | U25: 20 | V25: 21 | W25: 22 | X25: 23 | Y25: 24 | Z25: 25 | AA25: 26 | AB25: 27 | AC25: 28 | AD25: 29 | AE25: V | AF25: V
A26: FERNANDO LOURIDO | B26: 1 | C26: 2 | D26: 3 | E26: 4 | F26: 5 | G26: 6 | H26: 7 | I26: 8 | J26: 9 | K26: 10 | L26: 11 | M26: 12 | N26: 13 | O26: 14 | P26: 15 | Q26: 16 | R26: 17 | S26: 18 | T26: 19 | U26: 20 | V26: 21 | W26: 22 | X26: 23 | Y26: 24 | Z26: 25 | AA26: 26 | AB26: 27 | AC26: 28 | AD26: 29 | AE26: 30 | AF26: 31
A27: MANUEL CABANA | B27: G | C27: G | D27: G | E27: 4 | F27: 5 | G27: 6 | H27: 7 | I27: 8 | J27: 9 | K27: 10 | L27: 11 | M27: 12 | N27: 13 | O27: 14 | P27: 15 | Q27: 16 | R27: 17 | S27: 18 | T27: 19 | U27: 20 | V27: 21 | W27: 22 | X27: 23 | Y27: 24 | Z27: 25 | AA27: 26 | AB27: 27 | AC27: 28 | AD27: 29 | AE27: 30 | AF27: 31
A28: 46113
B29: Mi | C29: Ju | D29: Vi | E29: Sá | F29: Do | G29: Lu | H29: Ma | I29: Mi | J29: Ju | K29: Vi | L29: Sá | M29: Do | N29: Lu | O29: Ma | P29: Mi | Q29: Ju | R29: Vi | S29: Sá | T29: Do | U29: Lu | V29: Ma | W29: Mi | X29: Ju | Y29: Vi | Z29: Sá | AA29: Do | AB29: Lu | AC29: Ma | AD29: Mi | AE29: Ju
A30: JORGE | B30: G | C30: G | D30: G | E30: G | F30: G | G30: G | H30: G | I30: 8 | J30: 9 | K30: 10 | L30: 11 | M30: 12 | N30: 13 | O30: 14 | P30: 15 | Q30: 16 | R30: 17 | S30: 18 | T30: 19 | U30: 20 | V30: 21 | W30: 22 | X30: 23 | Y30: 24 | Z30: 25 | AA30: 26 | AB30: 27 | AC30: 28 | AD30: 29 | AE30: 30
A31: ISRAEL HURTADO | B31: 1 | C31: 2 | D31: 3 | E31: 4 | F31: 5 | G31: A | H31: A | I31: 8 | J31: 9 | K31: 10 | L31: 11 | M31: 12 | N31: A | O31: 14 | P31: G | Q31: G | R31: G | S31: G | T31: G | U31: G | V31: G | W31: 22 | X31: 23 | Y31: 24 | Z31: 25 | AA31: 26 | AB31: 27 | AC31: 28 | AD31: G | AE31: G
A32: CHEMA | B32: 1 | C32: 2 | D32: 3 | E32: 4 | F32: 5 | G32: A | H32: A | I32: G | J32: G | K32: G | L32: G | M32: G | N32: G | O32: G | P32: 15 | Q32: 16 | R32: 17 | S32: 18 | T32: 19 | U32: 20 | V32: 21 | W32: 22 | X32: 23 | Y32: 24 | Z32: 25 | AA32: 26 | AB32: 27 | AC32: 28 | AD32: 29 | AE32: A
A33: DANI | B33: V | C33: 2 | D33: 3 | E33: 4 | F33: 5 | G33: 6 | H33: 7 | I33: 8 | J33: 9 | K33: 10 | L33: 11 | M33: 12 | N33: 13 | O33: 14 | P33: 15 | Q33: 16 | R33: 17 | S33: 18 | T33: 19 | U33: 20 | V33: 21 | W33: 22 | X33: 23 | Y33: 24 | Z33: 25 | AA33: 26 | AB33: 27 | AC33: 28 | AD33: 29 | AE33: 30
A34: EDUARDO | B34: V | C34: 2 | D34: 3 | E34: 4 | F34: 5 | G34: 6 | H34: 7 | I34: 8 | J34: 9 | K34: 10 | L34: 11 | M34: 12 | N34: 13 | O34: 14 | P34: 15 | Q34: 16 | R34: 17 | S34: 18 | T34: 19 | U34: 20 | V34: 21 | W34: 22 | X34: 23 | Y34: 24 | Z34: 25 | AA34: 26 | AB34: 27 | AC34: 28 | AD34: 29 | AE34: 30
A35: FERNANDO LOURIDO | B35: 1 | C35: 2 | D35: 3 | E35: 4 | F35: 5 | G35: 6 | H35: 7 | I35: 8 | J35: 9 | K35: 10 | L35: 11 | M35: 12 | N35: 13 | O35: 14 | P35: 15 | Q35: 16 | R35: 17 | S35: 18 | T35: 19 | U35: 20 | V35: 21 | W35: G | X35: G | Y35: G | Z35: G | AA35: G | AB35: G | AC35: G | AD35: 29 | AE35: 30
A36: MANUEL CABANA | B36: 1 | C36: 2 | D36: 3 | E36: 4 | F36: 5 | G36: 6 | H36: 7 | I36: 8 | J36: A | K36: A | L36: 11 | M36: 12 | N36: 13 | O36: 14 | P36: 15 | Q36: A | R36: 17 | S36: 18 | T36: 19 | U36: 20 | V36: 21 | W36: 22 | X36: 23 | Y36: 24 | Z36: 25 | AA36: 26 | AB36: V | AC36: V | AD36: V | AE36: V
A37: 46143
B38: Vi | C38: Sá | D38: Do | E38: Lu | F38: Ma | G38: Mi | H38: Ju | I38: Vi | J38: Sá | K38: Do | L38: Lu | M38: Ma | N38: Mi | O38: Ju | P38: Vi | Q38: Sá | R38: Do | S38: Lu | T38: Ma | U38: Mi | V38: Ju | W38: Vi | X38: Sá | Y38: Do | Z38: Lu | AA38: Ma | AB38: Mi | AC38: Ju | AD38: Vi | AE38: Sá | AF38: Do
A39: JORGE | B39: 1 | C39: 2 | D39: 3 | E39: 4 | F39: 5 | G39: 6 | H39: 7 | I39: 8 | J39: 9 | K39: 10 | L39: 11 | M39: 12 | N39: 13 | O39: 14 | P39: 15 | Q39: 16 | R39: 17 | S39: 18 | T39: 19 | U39: G | V39: G | W39: G | X39: G | Y39: G | Z39: G | AA39: G | AB39: 27 | AC39: 28 | AD39: 29 | AE39: 30 | AF39: 31
A40: ISRAEL HURTADO | B40: G | C40: G | D40: G | E40: G | F40: G | G40: 6 | H40: 7 | I40: 8 | J40: 9 | K40: 10 | L40: 11 | M40: 12 | N40: 13 | O40: 14 | P40: 15 | Q40: 16 | R40: 17 | S40: 18 | T40: 19 | U40: 20 | V40: 21 | W40: 22 | X40: 23 | Y40: 24 | Z40: 25 | AA40: 26 | AB40: 27 | AC40: 28 | AD40: 29 | AE40: 30 | AF40: 31
A41: CHEMA | B41: 1 | C41: 2 | D41: 3 | E41: 4 | F41: 5 | G41: 6 | H41: 7 | I41: 8 | J41: 9 | K41: 10 | L41: 11 | M41: 12 | N41: G | O41: G | P41: G | Q41: G | R41: G | S41: G | T41: G | U41: 20 | V41: 21 | W41: 22 | X41: 23 | Y41: 24 | Z41: 25 | AA41: 26 | AB41: 27 | AC41: 28 | AD41: 29 | AE41: 30 | AF41: 31
A42: DANI | B42: 1 | C42: 2 | D42: 3 | E42: 4 | F42: 5 | G42: G | H42: G | I42: G | J42: G | K42: G | L42: G | M42: G | N42: 13 | O42: 14 | P42: 15 | Q42: 16 | R42: 17 | S42: 18 | T42: 19 | U42: 20 | V42: 21 | W42: 22 | X42: 23 | Y42: 24 | Z42: 25 | AA42: 26 | AB42: G | AC42: G | AD42: G | AE42: G | AF42: G
A43: EDUARDO | B43: 1 | C43: 2 | D43: 3 | E43: 4 | F43: 5 | G43: 6 | H43: 7 | I43: 8 | J43: 9 | K43: 10 | L43: 11 | M43: 12 | N43: 13 | O43: 14 | P43: 15 | Q43: 16 | R43: 17 | S43: 18 | T43: 19 | U43: 20 | V43: 21 | W43: 22 | X43: 23 | Y43: 24 | Z43: 25 | AA43: 26 | AB43: 27 | AC43: 28 | AD43: 29 | AE43: 30 | AF43: 31
A44: FERNANDO LOURIDO | B44: 1 | C44: 2 | D44: 3 | E44: 4 | F44: 5 | G44: 6 | H44: 7 | I44: 8 | J44: 9 | K44: 10 | L44: 11 | M44: 12 | N44: 13 | O44: 14 | P44: 15 | Q44: 16 | R44: 17 | S44: 18 | T44: 19 | U44: 20 | V44: 21 | W44: 22 | X44: 23 | Y44: 24 | Z44: 25 | AA44: 26 | AB44: 27 | AC44: 28 | AD44: 29 | AE44: 30 | AF44: 31
A45: MANUEL CABANA | B45: 1 | C45: 2 | D45: 3 | E45: 4 | F45: 5 | G45: 6 | H45: 7 | I45: 8 | J45: 9 | K45: 10 | L45: 11 | M45: 12 | N45: 13 | O45: 14 | P45: 15 | Q45: 16 | R45: 17 | S45: 18 | T45: 19 | U45: 20 | V45: 21 | W45: 22 | X45: 23 | Y45: 24 | Z45: 25 | AA45: 26 | AB45: 27 | AC45: 28 | AD45: 29 | AE45: 30 | AF45: 31
A46: 46174
B47: Lu | C47: Ma | D47: Mi | E47: Ju | F47: Vi | G47: Sá | H47: Do | I47: Lu | J47: Ma | K47: Mi | L47: Ju | M47: Vi | N47: Sá | O47: Do | P47: Lu | Q47: Ma | R47: Mi | S47: Ju | T47: Vi | U47: Sá | V47: Do | W47: Lu | X47: Ma | Y47: Mi | Z47: Ju | AA47: Vi | AB47: Sá | AC47: Do | AD47: Lu | AE47: Ma
A48: JORGE | B48: 1 | C48: 2 | D48: 3 | E48: 4 | F48: 5 | G48: 6 | H48: 7 | I48: 8 | J48: 9 | K48: 10 | L48: 11 | M48: 12 | N48: 13 | O48: 14 | P48: 15 | Q48: 16 | R48: 17 | S48: 18 | T48: 19 | U48: 20 | V48: 21 | W48: 22 | X48: 23 | Y48: 24 | Z48: 25 | AA48: 26 | AB48: 27 | AC48: 28 | AD48: 29 | AE48: 30
A49: ISRAEL HURTADO | B49: 1 | C49: 2 | D49: G | E49: G | F49: G | G49: G | H49: G | I49: G | J49: G | K49: 10 | L49: 11 | M49: 12 | N49: 13 | O49: 14 | P49: 15 | Q49: 16 | R49: 17 | S49: 18 | T49: 19 | U49: 20 | V49: 21 | W49: 22 | X49: 23 | Y49: 24 | Z49: 25 | AA49: 26 | AB49: 27 | AC49: 28 | AD49: 29 | AE49: 30
A50: CHEMA | B50: V | C50: V | D50: V | E50: V | F50: V | G50: 6 | H50: 7 | I50: 8 | J50: 9 | K50: G | L50: G | M50: G | N50: G | O50: G | P50: G | Q50: G | R50: 17 | S50: 18 | T50: 19 | U50: 20 | V50: 21 | W50: 22 | X50: 23 | Y50: 24 | Z50: 25 | AA50: 26 | AB50: 27 | AC50: 28 | AD50: 29 | AE50: 30
A51: DANI | B51: G | C51: G | D51: 3 | E51: 4 | F51: 5 | G51: 6 | H51: 7 | I51: 8 | J51: 9 | K51: 10 | L51: 11 | M51: 12 | N51: 13 | O51: 14 | P51: A | Q51: 16 | R51: 17 | S51: 18 | T51: 19 | U51: 20 | V51: 21 | W51: 22 | X51: 23 | Y51: 24 | Z51: V | AA51: V | AB51: 27 | AC51: 28 | AD51: 29 | AE51: 30
A52: EDUARDO | B52: 1 | C52: 2 | D52: 3 | E52: 4 | F52: 5 | G52: 6 | H52: 7 | I52: 8 | J52: 9 | K52: 10 | L52: 11 | M52: 12 | N52: 13 | O52: 14 | P52: 15 | Q52: 16 | R52: 17 | S52: 18 | T52: 19 | U52: 20 | V52: 21 | W52: 22 | X52: 23 | Y52: 24 | Z52: 25 | AA52: 26 | AB52: 27 | AC52: 28 | AD52: V | AE52: V
A53: FERNANDO LOURIDO | B53: 1 | C53: 2 | D53: 3 | E53: 4 | F53: 5 | G53: 6 | H53: 7 | I53: 8 | J53: 9 | K53: 10 | L53: 11 | M53: 12 | N53: 13 | O53: 14 | P53: 15 | Q53: 16 | R53: G | S53: G | T53: G | U53: G | V53: G | W53: G | X53: G | Y53: 24 | Z53: 25 | AA53: 26 | AB53: 27 | AC53: 28 | AD53: 29 | AE53: 30
A54: MANUEL CABANA | B54: 1 | C54: 2 | D54: 3 | E54: 4 | F54: 5 | G54: 6 | H54: 7 | I54: 8 | J54: 9 | K54: 10 | L54: 11 | M54: 12 | N54: 13 | O54: 14 | P54: 15 | Q54: 16 | R54: 17 | S54: V | T54: V | U54: 20 | V54: 21 | W54: 22 | X54: 23 | Y54: G | Z54: G | AA54: G | AB54: G | AC54: G | AD54: G | AE54: G
A55: 46204
B56: Mi | C56: Ju | D56: Vi | E56: Sá | F56: Do | G56: Lu | H56: Ma | I56: Mi | J56: Ju | K56: Vi | L56: Sá | M56: Do | N56: Lu | O56: Ma | P56: Mi | Q56: Ju | R56: Vi | S56: Sá | T56: Do | U56: Lu | V56: Ma | W56: Mi | X56: Ju | Y56: Vi | Z56: Sá | AA56: Do | AB56: Lu | AC56: Ma | AD56: Mi | AE56: Ju | AF56: Vi
A57: JORGE | B57: 1 | C57: 2 | D57: 3 | E57: 4 | F57: 5 | G57: 6 | H57: 7 | I57: G | J57: G | K57: G | L57: G | M57: G | N57: G | O57: G | P57: 15 | Q57: 16 | R57: 17 | S57: 18 | T57: 19 | U57: 20 | V57: 21 | W57: 22 | X57: 23 | Y57: 24 | Z57: 25 | AA57: 26 | AB57: 27 | AC57: 28 | AD57: 29 | AE57: 30 | AF57: 31
A58: ISRAEL HURTADO | B58: 1 | C58: 2 | D58: 3 | E58: 4 | F58: 5 | G58: V | H58: V | I58: V | J58: V | K58: V | L58: 11 | M58: 12 | N58: V | O58: V | P58: V | Q58: V | R58: V | S58: 18 | T58: 19 | U58: V | V58: V | W58: V | X58: V | Y58: V | Z58: 25 | AA58: 26 | AB58: 27 | AC58: 28 | AD58: G | AE58: G | AF58: G
A59: CHEMA | B59: G | C59: G | D59: G | E59: G | F59: G | G59: G | H59: G | I59: 8 | J59: 9 | K59: V | L59: 11 | M59: 12 | N59: V | O59: V | P59: V | Q59: V | R59: V | S59: 18 | T59: 19 | U59: V | V59: V | W59: V | X59: V | Y59: V | Z59: 25 | AA59: 26 | AB59: V | AC59: 28 | AD59: 29 | AE59: 30 | AF59: 31
A60: DANI | B60: 1 | C60: 2 | D60: 3 | E60: 4 | F60: 5 | G60: 6 | H60: 7 | I60: 8 | J60: 9 | K60: 10 | L60: 11 | M60: 12 | N60: 13 | O60: 14 | P60: 15 | Q60: 16 | R60: 17 | S60: 18 | T60: 19 | U60: 20 | V60: 21 | W60: G | X60: G | Y60: G | Z60: G | AA60: G | AB60: G | AC60: G | AD60: 29 | AE60: 30 | AF60: 31
A61: EDUARDO | B61: V | C61: V | D61: V | E61: 4 | F61: 5 | G61: 6 | H61: 7 | I61: 8 | J61: 9 | K61: 10 | L61: 11 | M61: 12 | N61: 13 | O61: 14 | P61: 15 | Q61: 16 | R61: 17 | S61: 18 | T61: 19 | U61: 20 | V61: 21 | W61: 22 | X61: 23 | Y61: 24 | Z61: 25 | AA61: 26 | AB61: 27 | AC61: 28 | AD61: V | AE61: V | AF61: V
A62: FERNANDO LOURIDO | B62: 1 | C62: 2 | D62: 3 | E62: 4 | F62: 5 | G62: 6 | H62: 7 | I62: 8 | J62: 9 | K62: 10 | L62: 11 | M62: 12 | N62: 13 | O62: 14 | P62: 15 | Q62: 16 | R62: 17 | S62: 18 | T62: 19 | U62: 20 | V62: 21 | W62: 22 | X62: 23 | Y62: 24 | Z62: 25 | AA62: 26 | AB62: 27 | AC62: 28 | AD62: 29 | AE62: 30 | AF62: 31
A63: MANUEL CABANA | B63: 1 | C63: 2 | D63: 3 | E63: 4 | F63: 5 | G63: 6 | H63: 7 | I63: 8 | J63: 9 | K63: 10 | L63: 11 | M63: 12 | N63: 13 | O63: 14 | P63: 15 | Q63: 16 | R63: 17 | S63: 18 | T63: 19 | U63: V | V63: 21 | W63: 22 | X63: 23 | Y63: 24 | Z63: 25 | AA63: 26 | AB63: 27 | AC63: 28 | AD63: 29 | AE63: 30 | AF63: 31
A64: 46235
B65: Sá | C65: Do | D65: Lu | E65: Ma | F65: Mi | G65: Ju | H65: Vi | I65: Sá | J65: Do | K65: Lu | L65: Ma | M65: Mi | N65: Ju | O65: Vi | P65: Sá | Q65: Do | R65: Lu | S65: Ma | T65: Mi | U65: Ju | V65: Vi | W65: Sá | X65: Do | Y65: Lu | Z65: Ma | AA65: Mi | AB65: Ju | AC65: Vi | AD65: Sá | AE65: Do | AF65: Lu
A66: JORGE | B66: 1 | C66: 2 | D66: 3 | E66: 4 | F66: 5 | G66: 6 | H66: 7 | I66: 8 | J66: 9 | K66: 10 | L66: 11 | M66: 12 | N66: 13 | O66: 14 | P66: 15 | Q66: 16 | R66: 17 | S66: 18 | T66: 19 | U66: 20 | V66: 21 | W66: 22 | X66: 23 | Y66: 24 | Z66: 25 | AA66: 26 | AB66: 27 | AC66: 28 | AD66: 29 | AE66: 30 | AF66: 31
A67: ISRAEL HURTADO | B67: G | C67: G | D67: G | E67: G | F67: 5 | G67: 6 | H67: 7 | I67: 8 | J67: 9 | K67: 10 | L67: 11 | M67: 12 | N67: 13 | O67: 14 | P67: 15 | Q67: 16 | R67: 17 | S67: 18 | T67: 19 | U67: 20 | V67: 21 | W67: 22 | X67: 23 | Y67: 24 | Z67: 25 | AA67: G | AB67: G | AC67: G | AD67: G | AE67: G | AF67: G
A68: CHEMA | B68: 1 | C68: 2 | D68: 3 | E68: 4 | F68: G | G68: G | H68: G | I68: G | J68: G | K68: G | L68: G | M68: 12 | N68: 13 | O68: 14 | P68: 15 | Q68: 16 | R68: 17 | S68: 18 | T68: 19 | U68: 20 | V68: 21 | W68: 22 | X68: 23 | Y68: 24 | Z68: 25 | AA68: 26 | AB68: 27 | AC68: 28 | AD68: 29 | AE68: 30 | AF68: 31
A69: DANI | B69: 1 | C69: 2 | D69: 3 | E69: 4 | F69: 5 | G69: 6 | H69: 7 | I69: 8 | J69: 9 | K69: V | L69: V | M69: V | N69: V | O69: V | P69: 15 | Q69: 16 | R69: V | S69: V | T69: V | U69: V | V69: V | W69: 22 | X69: 23 | Y69: V | Z69: V | AA69: V | AB69: V | AC69: V | AD69: 29 | AE69: 30 | AF69: 31
A70: EDUARDO | B70: 1 | C70: 2 | D70: V | E70: V | F70: V | G70: V | H70: V | I70: 8 | J70: 9 | K70: V | L70: V | M70: V | N70: V | O70: V | P70: 15 | Q70: 16 | R70: 17 | S70: 18 | T70: 19 | U70: 20 | V70: 21 | W70: 22 | X70: 23 | Y70: 24 | Z70: 25 | AA70: 26 | AB70: 27 | AC70: 28 | AD70: 29 | AE70: 30 | AF70: V
A71: FERNANDO LOURIDO | B71: 1 | C71: 2 | D71: 3 | E71: 4 | F71: 5 | G71: 6 | H71: 7 | I71: 8 | J71: 9 | K71: 10 | L71: 11 | M71: G | N71: G | O71: G | P71: G | Q71: G | R71: G | S71: G | T71: 19 | U71: 20 | V71: 21 | W71: 22 | X71: 23 | Y71: 24 | Z71: 25 | AA71: 26 | AB71: 27 | AC71: 28 | AD71: 29 | AE71: 30 | AF71: 31
A72: MANUEL CABANA | B72: 1 | C72: 2 | D72: 3 | E72: 4 | F72: 5 | G72: 6 | H72: 7 | I72: 8 | J72: 9 | K72: 10 | L72: 11 | M72: 12 | N72: 13 | O72: 14 | P72: 15 | Q72: 16 | R72: 17 | S72: 18 | T72: G | U72: G | V72: G | W72: G | X72: G | Y72: G | Z72: G | AA72: 26 | AB72: 27 | AC72: 28 | AD72: 29 | AE72: 30 | AF72: 31
A73: 46266
B74: Ma | C74: Mi | D74: Ju | E74: Vi | F74: Sá | G74: Do | H74: Lu | I74: Ma | J74: Mi | K74: Ju | L74: Vi | M74: Sá | N74: Do | O74: Lu | P74: Ma | Q74: Mi | R74: Ju | S74: Vi | T74: Sá | U74: Do | V74: Lu | W74: Ma | X74: Mi | Y74: Ju | Z74: Vi | AA74: Sá | AB74: Do | AC74: Lu | AD74: Ma | AE74: Mi
A75: JORGE | B75: 1 | C75: G | D75: G | E75: G | F75: G | G75: G | H75: G | I75: G | J75: 9 | K75: 10 | L75: 11 | M75: 12 | N75: 13 | O75: 14 | P75: 15 | Q75: 16 | R75: 17 | S75: 18 | T75: 19 | U75: 20 | V75: 21 | W75: 22 | X75: 23 | Y75: 24 | Z75: 25 | AA75: 26 | AB75: 27 | AC75: 28 | AD75: 29 | AE75: 30
A76: ISRAEL HURTADO | B76: G | C76: 2 | D76: 3 | E76: 4 | F76: 5 | G76: 6 | H76: 7 | I76: 8 | J76: 9 | K76: 10 | L76: 11 | M76: 12 | N76: 13 | O76: V | P76: V | Q76: V | R76: 17 | S76: 18 | T76: 19 | U76: 20 | V76: 21 | W76: 22 | X76: G | Y76: G | Z76: G | AA76: G | AB76: G | AC76: G | AD76: G | AE76: 30
A77: CHEMA | B77: 1 | C77: 2 | D77: 3 | E77: 4 | F77: 5 | G77: 6 | H77: V | I77: V | J77: V | K77: V | L77: V | M77: 12 | N77: 13 | O77: 14 | P77: 15 | Q77: G | R77: G | S77: G | T77: G | U77: G | V77: G | W77: G | X77: 23 | Y77: 24 | Z77: 25 | AA77: 26 | AB77: 27 | AC77: 28 | AD77: 29 | AE77: 30
A78: DANI | B78: 1 | C78: 2 | D78: 3 | E78: 4 | F78: 5 | G78: 6 | H78: 7 | I78: 8 | J78: G | K78: G | L78: G | M78: G | N78: G | O78: G | P78: G | Q78: 16 | R78: 17 | S78: 18 | T78: 19 | U78: 20 | V78: 21 | W78: 22 | X78: 23 | Y78: 24 | Z78: 25 | AA78: 26 | AB78: 27 | AC78: 28 | AD78: 29 | AE78: 30
A79: EDUARDO | B79: V | C79: V | D79: V | E79: V | F79: 5 | G79: 6 | H79: 7 | I79: 8 | J79: 9 | K79: 10 | L79: 11 | M79: 12 | N79: 13 | O79: 14 | P79: 15 | Q79: 16 | R79: 17 | S79: 18 | T79: 19 | U79: 20 | V79: 21 | W79: 22 | X79: 23 | Y79: 24 | Z79: 25 | AA79: 26 | AB79: 27 | AC79: 28 | AD79: 29 | AE79: 30
A80: FERNANDO LOURIDO | B80: 1 | C80: 2 | D80: 3 | E80: 4 | F80: 5 | G80: 6 | H80: 7 | I80: 8 | J80: 9 | K80: 10 | L80: 11 | M80: 12 | N80: 13 | O80: 14 | P80: 15 | Q80: 16 | R80: 17 | S80: 18 | T80: 19 | U80: 20 | V80: 21 | W80: 22 | X80: 23 | Y80: 24 | Z80: 25 | AA80: 26 | AB80: 27 | AC80: 28 | AD80: 29 | AE80: 30
A81: MANUEL CABANA | B81: 1 | C81: 2 | D81: 3 | E81: 4 | F81: 5 | G81: 6 | H81: 7 | I81: 8 | J81: 9 | K81: 10 | L81: 11 | M81: 12 | N81: 13 | O81: 14 | P81: 15 | Q81: 16 | R81: 17 | S81: 18 | T81: 19 | U81: 20 | V81: 21 | W81: 22 | X81: 23 | Y81: 24 | Z81: 25 | AA81: 26 | AB81: 27 | AC81: 28 | AD81: 29 | AE81: G
A82: 46296
B83: Ju | C83: Vi | D83: Sá | E83: Do | F83: Lu | G83: Ma | H83: Mi | I83: Ju | J83: Vi | K83: Sá | L83: Do | M83: Lu | N83: Ma | O83: Mi | P83: Ju | Q83: Vi | R83: Sá | S83: Do | T83: Lu | U83: Ma | V83: Mi | W83: Ju | X83: Vi | Y83: Sá | Z83: Do | AA83: Lu | AB83: Ma | AC83: Mi | AD83: Ju | AE83: Vi | AF83: Sá
A84: JORGE | B84: 1 | C84: 2 | D84: 3 | E84: 4 | F84: 5 | G84: 6 | H84: 7 | I84: 8 | J84: 9 | K84: 10 | L84: 11 | M84: 12 | N84: 13 | O84: 14 | P84: 15 | Q84: 16 | R84: 17 | S84: 18 | T84: 19 | U84: 20 | V84: 21 | W84: 22 | X84: 23 | Y84: 24 | Z84: 25 | AA84: 26 | AB84: 27 | AC84: 28 | AD84: 29 | AE84: 30 | AF84: 31
A85: ISRAEL HURTADO | B85: 1 | C85: 2 | D85: 3 | E85: 4 | F85: 5 | G85: 6 | H85: 7 | I85: 8 | J85: 9 | K85: 10 | L85: 11 | M85: 12 | N85: 13 | O85: 14 | P85: 15 | Q85: 16 | R85: 17 | S85: 18 | T85: 19 | U85: 20 | V85: G | W85: G | X85: G | Y85: G | Z85: G | AA85: G | AB85: G | AC85: 28 | AD85: 29 | AE85: 30 | AF85: 31
A86: CHEMA | B86: 1 | C86: 2 | D86: 3 | E86: 4 | F86: 5 | G86: 6 | H86: 7 | I86: 8 | J86: 9 | K86: 10 | L86: 11 | M86: 12 | N86: 13 | O86: G | P86: G | Q86: G | R86: G | S86: G | T86: G | U86: G | V86: 21 | W86: 22 | X86: 23 | Y86: 24 | Z86: 25 | AA86: 26 | AB86: 27 | AC86: 28 | AD86: 29 | AE86: 30 | AF86: 31
A87: DANI | B87: 1 | C87: 2 | D87: 3 | E87: 4 | F87: 5 | G87: 6 | H87: 7 | I87: 8 | J87: 9 | K87: 10 | L87: 11 | M87: 12 | N87: 13 | O87: 14 | P87: 15 | Q87: 16 | R87: 17 | S87: 18 | T87: 19 | U87: 20 | V87: 21 | W87: 22 | X87: 23 | Y87: 24 | Z87: 25 | AA87: 26 | AB87: 27 | AC87: 28 | AD87: 29 | AE87: 30 | AF87: 31
A88: EDUARDO | B88: 1 | C88: 2 | D88: 3 | E88: 4 | F88: 5 | G88: 6 | H88: 7 | I88: 8 | J88: 9 | K88: 10 | L88: 11 | M88: 12 | N88: 13 | O88: 14 | P88: 15 | Q88: 16 | R88: 17 | S88: 18 | T88: 19 | U88: 20 | V88: 21 | W88: 22 | X88: 23 | Y88: 24 | Z88: 25 | AA88: 26 | AB88: 27 | AC88: 28 | AD88: 29 | AE88: 30 | AF88: 31
A89: FERNANDO LOURIDO | B89: 1 | C89: 2 | D89: 3 | E89: 4 | F89: 5 | G89: 6 | H89: 7 | I89: 8 | J89: 9 | K89: 10 | L89: 11 | M89: 12 | N89: 13 | O89: 14 | P89: 15 | Q89: 16 | R89: 17 | S89: 18 | T89: 19 | U89: 20 | V89: 21 | W89: 22 | X89: 23 | Y89: 24 | Z89: 25 | AA89: 26 | AB89: 27 | AC89: G | AD89: G | AE89: G | AF89: G
A90: MANUEL CABANA | B90: G | C90: G | D90: G | E90: G | F90: G | G90: G | H90: 7 | I90: 8 | J90: 9 | K90: 10 | L90: 11 | M90: 12 | N90: 13 | O90: 14 | P90: 15 | Q90: 16 | R90: 17 | S90: 18 | T90: 19 | U90: 20 | V90: 21 | W90: 22 | X90: 23 | Y90: 24 | Z90: 25 | AA90: 26 | AB90: 27 | AC90: 28 | AD90: 29 | AE90: 30 | AF90: 31
A91: 46327
B92: Do | C92: Lu | D92: Ma | E92: Mi | F92: Ju | G92: Vi | H92: Sá | I92: Do | J92: Lu | K92: Ma | L92: Mi | M92: Ju | N92: Vi | O92: Sá | P92: Do | Q92: Lu | R92: Ma | S92: Mi | T92: Ju | U92: Vi | V92: Sá | W92: Do | X92: Lu | Y92: Ma | Z92: Mi | AA92: Ju | AB92: Vi | AC92: Sá | AD92: Do | AE92: Lu
A93: JORGE | B93: 1 | C93: 2 | D93: 3 | E93: 4 | F93: 5 | G93: 6 | H93: 7 | I93: 8 | J93: 9 | K93: 10 | L93: 11 | M93: 12 | N93: 13 | O93: 14 | P93: 15 | Q93: 16 | R93: 17 | S93: 18 | T93: 19 | U93: 20 | V93: 21 | W93: 22 | X93: 23 | Y93: 24 | Z93: 25 | AA93: 26 | AB93: 27 | AC93: 28 | AD93: 29 | AE93: 30
A94: ISRAEL HURTADO | B94: 1 | C94: 2 | D94: 3 | E94: 4 | F94: 5 | G94: 6 | H94: 7 | I94: 8 | J94: 9 | K94: 10 | L94: G | M94: G | N94: G | O94: G | P94: G | Q94: G | R94: G | S94: 18 | T94: 19 | U94: 20 | V94: 21 | W94: 22 | X94: 23 | Y94: 24 | Z94: 25 | AA94: 26 | AB94: 27 | AC94: 28 | AD94: 29 | AE94: 30
A95: CHEMA | B95: 1 | C95: 2 | D95: 3 | E95: G | F95: G | G95: G | H95: G | I95: G | J95: G | K95: G | L95: 11 | M95: 12 | N95: 13 | O95: 14 | P95: 15 | Q95: 16 | R95: 17 | S95: 18 | T95: 19 | U95: 20 | V95: 21 | W95: 22 | X95: 23 | Y95: 24 | Z95: 25 | AA95: 26 | AB95: 27 | AC95: 28 | AD95: 29 | AE95: 30
A96: DANI | B96: 1 | C96: 2 | D96: 3 | E96: 4 | F96: 5 | G96: 6 | H96: 7 | I96: 8 | J96: 9 | K96: 10 | L96: 11 | M96: 12 | N96: 13 | O96: 14 | P96: 15 | Q96: 16 | R96: 17 | S96: 18 | T96: 19 | U96: 20 | V96: 21 | W96: 22 | X96: 23 | Y96: 24 | Z96: G | AA96: G | AB96: G | AC96: G | AD96: G | AE96: G
A97: EDUARDO | B97: 1 | C97: 2 | D97: 3 | E97: 4 | F97: 5 | G97: 6 | H97: 7 | I97: 8 | J97: 9 | K97: 10 | L97: 11 | M97: 12 | N97: 13 | O97: 14 | P97: 15 | Q97: 16 | R97: 17 | S97: 18 | T97: 19 | U97: 20 | V97: 21 | W97: 22 | X97: 23 | Y97: 24 | Z97: 25 | AA97: 26 | AB97: 27 | AC97: 28 | AD97: 29 | AE97: 30
A98: FERNANDO LOURIDO | B98: G | C98: G | D98: G | E98: 4 | F98: 5 | G98: 6 | H98: 7 | I98: 8 | J98: 9 | K98: 10 | L98: 11 | M98: 12 | N98: 13 | O98: 14 | P98: 15 | Q98: 16 | R98: 17 | S98: 18 | T98: 19 | U98: 20 | V98: 21 | W98: 22 | X98: 23 | Y98: 24 | Z98: 25 | AA98: 26 | AB98: 27 | AC98: 28 | AD98: 29 | AE98: 30
A99: MANUEL CABANA | B99: 1 | C99: 2 | D99: 3 | E99: 4 | F99: 5 | G99: 6 | H99: 7 | I99: 8 | J99: 9 | K99: 10 | L99: 11 | M99: 12 | N99: 13 | O99: 14 | P99: 15 | Q99: 16 | R99: 17 | S99: G | T99: G | U99: G | V99: G | W99: G | X99: G | Y99: G | Z99: 25 | AA99: 26 | AB99: 27 | AC99: 28 | AD99: 29 | AE99: 30
A100: 46357
...

Sheet Guardias Networking 2025
A1: 45658 | AH1: Fichero Vacaciones Oficial 2025 - OLD
B2: Mi | C2: Ju | D2: Vi | E2: Sá | F2: Do | G2: Lu | H2: Ma | I2: Mi | J2: Ju | K2: Vi | L2: Sá | M2: Do | N2: Lu | O2: Ma | P2: Mi | Q2: Ju | R2: Vi | S2: Sá | T2: Do | U2: Lu | V2: Ma | W2: Mi | X2: Ju | Y2: Vi | Z2: Sá | AA2: Do | AB2: Lu | AC2: Ma | AD2: Mi | AE2: Ju | AF2: Vi
A3: JORGE | B3: 1 | C3: 2 | D3: 3 | E3: 4 | F3: 5 | G3: 6 | H3: 7 | I3: 8 | J3: 9 | K3: 10 | L3: 11 | M3: 12 | N3: 13 | O3: 14 | P3: 15 | Q3: 16 | R3: 17 | S3: 18 | T3: 19 | U3: 20 | V3: 21 | W3: 22 | X3: V | Y3: V | Z3: 25 | AA3: 26 | AB3: V | AC3: V | AD3: V | AE3: V | AF3: V | AH3: Fichero de vacaciones oficial 2025 - NEW
A4: ISRAEL HURTADO | B4: 1 | C4: V | D4: V | E4: 4 | F4: 5 | G4: 6 | H4: V | I4: V | J4: V | K4: V | L4: 11 | M4: 12 | N4: 13 | O4: 14 | P4: G | Q4: G | R4: G | S4: G | T4: G | U4: G | V4: G | W4: 22 | X4: V | Y4: 24 | Z4: 25 | AA4: 26 | AB4: 27 | AC4: 28 | AD4: 29 | AE4: 30 | AF4: 31
A5: CHEMA | B5: 1 | C5: 2 | D5: 3 | E5: 4 | F5: 5 | G5: 6 | H5: 7 | I5: 8 | J5: 9 | K5: 10 | L5: 11 | M5: 12 | N5: 13 | O5: 14 | P5: 15 | Q5: 16 | R5: 17 | S5: 18 | T5: 19 | U5: 20 | V5: 21 | W5: G | X5: G | Y5: G | Z5: G | AA5: G | AB5: G | AC5: G | AD5: 29 | AE5: 30 | AF5: 31
A6: DANI | B6: G | C6: G | D6: G | E6: G | F6: G | G6: G | H6: G | I6: 8 | J6: 9 | K6: 10 | L6: 11 | M6: 12 | N6: 13 | O6: 14 | P6: 15 | Q6: 16 | R6: 17 | S6: 18 | T6: 19 | U6: 20 | V6: 21 | W6: 22 | X6: 23 | Y6: 24 | Z6: 25 | AA6: 26 | AB6: 27 | AC6: 28 | AD6: 29 | AE6: 30 | AF6: 31
A7: EDUARDO | B7: 1 | C7: V | D7: V | E7: 4 | F7: 5 | G7: 6 | H7: 7 | I7: 8 | J7: 9 | K7: 10 | L7: 11 | M7: 12 | N7: 13 | O7: 14 | P7: 15 | Q7: 16 | R7: 17 | S7: 18 | T7: 19 | U7: 20 | V7: 21 | W7: 22 | X7: 23 | Y7: 24 | Z7: 25 | AA7: 26 | AB7: 27 | AC7: 28 | AD7: 29 | AE7: 30 | AF7: 31
A8: FERNANDO LOURIDO | B8: 1 | C8: V | D8: V | E8: 4 | F8: 5 | G8: 6 | H8: 7 | I8: G | J8: G | K8: G | L8: G | M8: G | N8: G | O8: G | P8: 15 | Q8: 16 | R8: 17 | S8: 18 | T8: 19 | U8: 20 | V8: 21 | W8: 22 | X8: 23 | Y8: 24 | Z8: 25 | AA8: 26 | AB8: 27 | AC8: 28 | AD8: G | AE8: G | AF8: G
A9: 45689
B10: Sá | C10: Do | D10: Lu | E10: Ma | F10: Mi | G10: Ju | H10: Vi | I10: Sá | J10: Do | K10: Lu | L10: Ma | M10: Mi | N10: Ju | O10: Vi | P10: Sá | Q10: Do | R10: Lu | S10: Ma | T10: Mi | U10: Ju | V10: Vi | W10: Sá | X10: Do | Y10: Lu | Z10: Ma | AA10: Mi | AB10: Ju | AC10: Vi
A11: JORGE | B11: 1 | C11: 2 | D11: V | E11: 4 | F11: G | G11: G | H11: G | I11: G | J11: G | K11: G | L11: G | M11: 12 | N11: 13 | O11: 14 | P11: 15 | Q11: 16 | R11: 17 | S11: 18 | T11: 19 | U11: 20 | V11: 21 | W11: 22 | X11: 23 | Y11: 24 | Z11: 25 | AA11: G | AB11: G | AC11: G
A12: ISRAEL HURTADO | B12: 1 | C12: 2 | D12: 3 | E12: 4 | F12: 5 | G12: 6 | H12: 7 | I12: 8 | J12: 9 | K12: 10 | L12: 11 | M12: 12 | N12: 13 | O12: 14 | P12: 15 | Q12: 16 | R12: 17 | S12: 18 | T12: G | U12: G | V12: G | W12: G | X12: G | Y12: G | Z12: G | AA12: 26 | AB12: 27 | AC12: 28
A13: CHEMA | B13: 1 | C13: 2 | D13: 3 | E13: 4 | F13: 5 | G13: 6 | H13: 7 | I13: 8 | J13: 9 | K13: 10 | L13: 11 | M13: G | N13: G | O13: G | P13: G | Q13: G | R13: G | S13: G | T13: 19 | U13: 20 | V13: 21 | W13: 22 | X13: 23 | Y13: 24 | Z13: 25 | AA13: 26 | AB13: 27 | AC13: 28
A14: DANI | B14: 1 | C14: 2 | D14: 3 | E14: 4 | F14: 5 | G14: 6 | H14: 7 | I14: 8 | J14: 9 | K14: 10 | L14: 11 | M14: 12 | N14: 13 | O14: 14 | P14: 15 | Q14: 16 | R14: 17 | S14: 18 | T14: 19 | U14: 20 | V14: 21 | W14: 22 | X14: 23 | Y14: 24 | Z14: 25 | AA14: 26 | AB14: 27 | AC14: C
A15: EDUARDO | B15: 1 | C15: 2 | D15: 3 | E15: 4 | F15: 5 | G15: 6 | H15: 7 | I15: 8 | J15: 9 | K15: 10 | L15: 11 | M15: 12 | N15: 13 | O15: 14 | P15: 15 | Q15: 16 | R15: 17 | S15: 18 | T15: 19 | U15: 20 | V15: 21 | W15: 22 | X15: 23 | Y15: 24 | Z15: 25 | AA15: 26 | AB15: 27 | AC15: 28
A16: FERNANDO LOURIDO | B16: G | C16: G | D16: G | E16: G | F16: 5 | G16: 6 | H16: 7 | I16: 8 | J16: 9 | K16: 10 | L16: 11 | M16: 12 | N16: 13 | O16: 14 | P16: 15 | Q16: 16 | R16: 17 | S16: 18 | T16: 19 | U16: 20 | V16: 21 | W16: 22 | X16: 23 | Y16: 24 | Z16: 25 | AA16: 26 | AB16: 27 | AC16: 28
A17: 45717
B18: Sá | C18: Do | D18: Lu | E18: Ma | F18: Mi | G18: Ju | H18: Vi | I18: Sá | J18: Do | K18: Lu | L18: Ma | M18: Mi | N18: Ju | O18: Vi | P18: Sá | Q18: Do | R18: Lu | S18: Ma | T18: Mi | U18: Ju | V18: Vi | W18: Sá | X18: Do | Y18: Lu | Z18: Ma | AA18: Mi | AB18: Ju | AC18: Vi | AD18: Sá | AE18: Do | AF18: Lu
A19: JORGE | B19: G | C19: G | D19: G | E19: G | F19: 5 | G19: 6 | H19: 7 | I19: 8 | J19: 9 | K19: 10 | L19: 11 | M19: 12 | N19: 13 | O19: 14 | P19: 15 | Q19: 16 | R19: 17 | S19: 18 | T19: 19 | U19: 20 | V19: 21 | W19: 22 | X19: 23 | Y19: 24 | Z19: 25 | AA19: 26 | AB19: 27 | AC19: 28 | AD19: 29 | AE19: 30 | AF19: 31
A20: ISRAEL HURTADO | B20: 1 | C20: 2 | D20: 3 | E20: 4 | F20: 5 | G20: 6 | H20: 7 | I20: 8 | J20: 9 | K20: 10 | L20: 11 | M20: 12 | N20: 13 | O20: 14 | P20: 15 | Q20: 16 | R20: 17 | S20: 18 | T20: 19 | U20: 20 | V20: 21 | W20: 22 | X20: 23 | Y20: 24 | Z20: 25 | AA20: G | AB20: G | AC20: G | AD20: G | AE20: G | AF20: G
A21: CHEMA | B21: 1 | C21: 2 | D21: 3 | E21: 4 | F21: 5 | G21: 6 | H21: 7 | I21: 8 | J21: 9 | K21: 10 | L21: 11 | M21: 12 | N21: 13 | O21: 14 | P21: 15 | Q21: 16 | R21: 17 | S21: 18 | T21: G | U21: G | V21: G | W21: G | X21: G | Y21: G | Z21: G | AA21: 26 | AB21: 27 | AC21: 28 | AD21: 29 | AE21: 30 | AF21: 31
A22: DANI | B22: 1 | C22: 2 | D22: C | E22: 4 | F22: G | G22: G | H22: G | I22: G | J22: G | K22: G | L22: G | M22: 12 | N22: 13 | O22: 14 | P22: 15 | Q22: 16 | R22: 17 | S22: 18 | T22: 19 | U22: 20 | V22: 21 | W22: 22 | X22: 23 | Y22: 24 | Z22: 25 | AA22: 26 | AB22: 27 | AC22: 28 | AD22: 29 | AE22: 30 | AF22: 31
A23: EDUARDO | B23: 1 | C23: 2 | D23: 3 | E23: 4 | F23: 5 | G23: 6 | H23: 7 | I23: 8 | J23: 9 | K23: 10 | L23: 11 | M23: G | N23: G | O23: G | P23: G | Q23: G | R23: G | S23: G | T23: 19 | U23: 20 | V23: 21 | W23: 22 | X23: 23 | Y23: 24 | Z23: 25 | AA23: 26 | AB23: 27 | AC23: 28 | AD23: 29 | AE23: 30 | AF23: 31
A24: FERNANDO LOURIDO | B24: 1 | C24: 2 | D24: 3 | E24: 4 | F24: 5 | G24: 6 | H24: 7 | I24: 8 | J24: 9 | K24: 10 | L24: 11 | M24: 12 | N24: 13 | O24: 14 | P24: 15 | Q24: 16 | R24: 17 | S24: 18 | T24: 19 | U24: 20 | V24: 21 | W24: 22 | X24: 23 | Y24: 24 | Z24: 25 | AA24: 26 | AB24: 27 | AC24: 28 | AD24: 29 | AE24: 30 | AF24: 31
A25: 45748
B26: Ma | C26: Mi | D26: Ju | E26: Vi | F26: Sá | G26: Do | H26: Lu | I26: Ma | J26: Mi | K26: Ju | L26: Vi | M26: Sá | N26: Do | O26: Lu | P26: Ma | Q26: Mi | R26: Ju | S26: Vi | T26: Sá | U26: Do | V26: Lu | W26: Ma | X26: Mi | Y26: Ju | Z26: Vi | AA26: Sá | AB26: Do | AC26: Lu | AD26: Ma | AE26: Mi
A27: JORGE | B27: 1 | C27: G | D27: G | E27: G | F27: G | G27: G | H27: G | I27: G | J27: 9 | K27: 10 | L27: 11 | M27: 12 | N27: 13 | O27: 14 | P27: 15 | Q27: 16 | R27: 17 | S27: 18 | T27: 19 | U27: 20 | V27: 21 | W27: 22 | X27: 23 | Y27: 24 | Z27: 25 | AA27: 26 | AB27: 27 | AC27: 28 | AD27: 29 | AE27: 30
A28: ISRAEL HURTADO | B28: G | C28: 2 | D28: 3 | E28: 4 | F28: 5 | G28: 6 | H28: 7 | I28: 8 | J28: 9 | K28: 10 | L28: 11 | M28: 12 | N28: 13 | O28: 14 | P28: 15 | Q28: G | R28: G | S28: G | T28: G | U28: G | V28: G | W28: G | X28: 23 | Y28: 24 | Z28: 25 | AA28: 26 | AB28: 27 | AC28: 28 | AD28: 29 | AE28: 30
A29: CHEMA | B29: 1 | C29: 2 | D29: 3 | E29: 4 | F29: 5 | G29: 6 | H29: 7 | I29: 8 | J29: 9 | K29: 10 | L29: 11 | M29: 12 | N29: 13 | O29: V | P29: V | Q29: V | R29: 17 | S29: 18 | T29: 19 | U29: 20 | V29: 21 | W29: 22 | X29: G | Y29: G | Z29: G | AA29: G | AB29: G | AC29: G | AD29: G | AE29: 30
A30: DANI | B30: 1 | C30: 2 | D30: 3 | E30: 4 | F30: 5 | G30: 6 | H30: 7 | I30: 8 | J30: 9 | K30: 10 | L30: 11 | M30: 12 | N30: 13 | O30: V | P30: V | Q30: V | R30: 17 | S30: 18 | T30: 19 | U30: 20 | V30: 21 | W30: 22 | X30: 23 | Y30: 24 | Z30: 25 | AA30: 26 | AB30: 27 | AC30: 28 | AD30: 29 | AE30: 30
A31: EDUARDO | B31: 1 | C31: 2 | D31: 3 | E31: 4 | F31: 5 | G31: 6 | H31: 7 | I31: 8 | J31: G | K31: G | L31: G | M31: G | N31: G | O31: G | P31: G | Q31: 16 | R31: 17 | S31: 18 | T31: 19 | U31: 20 | V31: 21 | W31: 22 | X31: 23 | Y31: 24 | Z31: 25 | AA31: 26 | AB31: 27 | AC31: 28 | AD31: 29 | AE31: 30
A32: FERNANDO LOURIDO | B32: 1 | C32: 2 | D32: 3 | E32: 4 | F32: 5 | G32: 6 | H32: 7 | I32: 8 | J32: 9 | K32: 10 | L32: 11 | M32: 12 | N32: 13 | O32: 14 | P32: 15 | Q32: 16 | R32: 17 | S32: 18 | T32: 19 | U32: 20 | V32: V | W32: V | X32: V | Y32: V | Z32: 25 | AA32: 26 | AB32: 27 | AC32: 28 | AD32: 29 | AE32: G
A33: 45778
B34: Ju | C34: Vi | D34: Sá | E34: Do | F34: Lu | G34: Ma | H34: Mi | I34: Ju | J34: Vi | K34: Sá | L34: Do | M34: Lu | N34: Ma | O34: Mi | P34: Ju | Q34: Vi | R34: Sá | S34: Do | T34: Lu | U34: Ma | V34: Mi | W34: Ju | X34: Vi | Y34: Sá | Z34: Do | AA34: Lu | AB34: Ma | AC34: Mi | AD34: Ju | AE34: Vi | AF34: Sá
A35: JORGE | B35: 1 | C35: 2 | D35: 3 | E35: 4 | F35: 5 | G35: 6 | H35: 7 | I35: 8 | J35: 9 | K35: 10 | L35: 11 | M35: 12 | N35: 13 | O35: 14 | P35: 15 | Q35: 16 | R35: 17 | S35: 18 | T35: 19 | U35: 20 | V35: G | W35: G | X35: G | Y35: G | Z35: G | AA35: G | AB35: G | AC35: G | AD35: G | AE35: G | AF35: G
A36: ISRAEL HURTADO | B36: 1 | C36: 2 | D36: 3 | E36: 4 | F36: 5 | G36: 6 | H36: G | I36: G | J36: G | K36: G | L36: G | M36: G | N36: G | O36: 14 | P36: 15 | Q36: V | R36: 17 | S36: 18 | T36: 19 | U36: 20 | V36: 21 | W36: 22 | X36: 23 | Y36: 24 | Z36: 25 | AA36: 26 | AB36: 27 | AC36: 28 | AD36: 29 | AE36: 30 | AF36: 31
A37: CHEMA | B37: 1 | C37: 2 | D37: 3 | E37: 4 | F37: 5 | G37: 6 | H37: 7 | I37: 8 | J37: 9 | K37: 10 | L37: 11 | M37: 12 | N37: 13 | O37: G | P37: G | Q37: G | R37: G | S37: G | T37: G | U37: G | V37: 21 | W37: 22 | X37: 23 | Y37: 24 | Z37: 25 | AA37: 26 | AB37: 27 | AC37: 28 | AD37: 29 | AE37: 30 | AF37: 31
A38: DANI | B38: 1 | C38: 2 | D38: 3 | E38: 4 | F38: 5 | G38: 6 | H38: 7 | I38: 8 | J38: 9 | K38: 10 | L38: 11 | M38: 12 | N38: 13 | O38: 14 | P38: 15 | Q38: 16 | R38: 17 | S38: 18 | T38: 19 | U38: 20 | V38: 21 | W38: 22 | X38: 23 | Y38: 24 | Z38: 25 | AA38: 26 | AB38: 27 | AC38: 28 | AD38: 29 | AE38: 30 | AF38: 31
A39: EDUARDO | B39: 1 | C39: 2 | D39: 3 | E39: 4 | F39: V | G39: 6 | H39: 7 | I39: 8 | J39: 9 | K39: 10 | L39: 11 | M39: 12 | N39: 13 | O39: 14 | P39: 15 | Q39: 16 | R39: 17 | S39: 18 | T39: 19 | U39: 20 | V39: 21 | W39: 22 | X39: 23 | Y39: 24 | Z39: 25 | AA39: 26 | AB39: 27 | AC39: 28 | AD39: 29 | AE39: 30 | AF39: 31
A40: FERNANDO LOURIDO | B40: G | C40: G | D40: G | E40: G | F40: G | G40: G | H40: 7 | I40: 8 | J40: 9 | K40: 10 | L40: 11 | M40: 12 | N40: 13 | O40: 14 | P40: 15 | Q40: 16 | R40: 17 | S40: 18 | T40: 19 | U40: 20 | V40: 21 | W40: 22 | X40: 23 | Y40: 24 | Z40: 25 | AA40: 26 | AB40: 27 | AC40: 28 | AD40: 29 | AE40: 30 | AF40: 31
A41: 45809 | AH41: Fichero de vacaciones oficial 2025 - NEW
B42: Do | C42: Lu | D42: Ma | E42: Mi | F42: Ju | G42: Vi | H42: Sá | I42: Do | J42: Lu | K42: Ma | L42: Mi | M42: Ju | N42: Vi | O42: Sá | P42: Do | Q42: Lu | R42: Ma | S42: Mi | T42: Ju | U42: Vi | V42: Sá | W42: Do | X42: Lu | Y42: Ma | Z42: Mi | AA42: Ju | AB42: Vi | AC42: Sá | AD42: Do | AE42: Lu
A43: JORGE | B43: G | C43: G | D43: G | E43: 4 | F43: 5 | G43: 6 | H43: 7 | I43: 8 | J43: 9 | K43: 10 | L43: 11 | M43: 12 | N43: 13 | O43: 14 | P43: 15 | Q43: v | R43: v | S43: v | T43: v | U43: v | V43: 21 | W43: 22 | X43: v | Y43: v | Z43: v | AA43: v | AB43: v | AC43: 28 | AD43: 29 | AE43: V
A44: ISRAEL HURTADO | B44: 1 | C44: 2 | D44: 3 | E44: 4 | F44: 5 | G44: 6 | H44: 7 | I44: 8 | J44: 9 | K44: 10 | L44: 11 | M44: 12 | N44: 13 | O44: 14 | P44: 15 | Q44: 16 | R44: 17 | S44: G | T44: G | U44: G | V44: G | W44: G | X44: G | Y44: G | Z44: 25 | AA44: 26 | AB44: 27 | AC44: 28 | AD44: 29 | AE44: 30
A45: CHEMA | B45: 1 | C45: 2 | D45: 3 | E45: 4 | F45: 5 | G45: C | H45: 7 | I45: 8 | J45: 9 | K45: 10 | L45: G | M45: G | N45: G | O45: G | P45: G | Q45: G | R45: G | S45: 18 | T45: 19 | U45: 20 | V45: 21 | W45: 22 | X45: 23 | Y45: 24 | Z45: 25 | AA45: 26 | AB45: 27 | AC45: 28 | AD45: 29 | AE45: V
A46: DANI | B46: 1 | C46: 2 | D46: 3 | E46: 4 | F46: 5 | G46: 6 | H46: 7 | I46: 8 | J46: 9 | K46: 10 | L46: 11 | M46: 12 | N46: 13 | O46: 14 | P46: 15 | Q46: 16 | R46: 17 | S46: 18 | T46: 19 | U46: 20 | V46: 21 | W46: 22 | X46: 23 | Y46: 24 | Z46: 25 | AA46: 26 | AB46: 27 | AC46: 28 | AD46: 29 | AE46: 30
A47: EDUARDO | B47: 1 | C47: 2 | D47: 3 | E47: G | F47: G | G47: G | H47: G | I47: G | J47: G | K47: G | L47: 11 | M47: 12 | N47: 13 | O47: 14 | P47: 15 | Q47: 16 | R47: 17 | S47: 18 | T47: C | U47: 20 | V47: 21 | W47: 22 | X47: 23 | Y47: 24 | Z47: 25 | AA47: 26 | AB47: 27 | AC47: 28 | AD47: 29 | AE47: 30
A48: FERNANDO LOURIDO | B48: 1 | C48: 2 | D48: 3 | E48: 4 | F48: 5 | G48: 6 | H48: 7 | I48: 8 | J48: 9 | K48: 10 | L48: 11 | M48: 12 | N48: 13 | O48: 14 | P48: 15 | Q48: 16 | R48: 17 | S48: 18 | T48: 19 | U48: 20 | V48: 21 | W48: 22 | X48: 23 | Y48: 24 | Z48: G | AA48: G | AB48: G | AC48: G | AD48: G | AE48: G
A49: 45839
B50: Ma | C50: Mi | D50: Ju | E50: Vi | F50: Sá | G50: Do | H50: Lu | I50: Ma | J50: Mi | K50: Ju | L50: Vi | M50: Sá | N50: Do | O50: Lu | P50: Ma | Q50: Mi | R50: Ju | S50: Vi | T50: Sá | U50: Do | V50: Lu | W50: Ma | X50: Mi | Y50: Ju | Z50: Vi | AA50: Sá | AB50: Do | AC50: Lu | AD50: Ma | AE50: Mi | AF50: Ju
A51: JORGE | B51: V | C51: V | D51: V | E51: V | F51: 5 | G51: 6 | H51: V | I51: V | J51: 9 | K51: 10 | L51: 11 | M51: 12 | N51: 13 | O51: 14 | P51: 15 | Q51: G | R51: G | S51: G | T51: G | U51: G | V51: G | W51: G | X51: 23 | Y51: 24 | Z51: 25 | AA51: 26 | AB51: 27 | AC51: 28 | AD51: 29 | AE51: 30 | AF51: 31
A52: ISRAEL HURTADO | B52: 1 | C52: 2 | D52: 3 | E52: 4 | F52: 5 | G52: 6 | H52: V | I52: V | J52: V | K52: V | L52: V | M52: 12 | N52: 13 | O52: V | P52: V | Q52: V | R52: V | S52: V | T52: 19 | U52: 20 | V52: V | W52: V | X52: V | Y52: V | Z52: 25 | AA52: 26 | AB52: 27 | AC52: 28 | AD52: 29 | AE52: G | AF52: G
A53: CHEMA | B53: V | C53: V | D53: V | E53: V | F53: 5 | G53: 6 | H53: V | I53: V | J53: V | K53: V | L53: V | M53: 12 | N53: 13 | O53: V | P53: V | Q53: V | R53: V | S53: V | T53: 19 | U53: 20 | V53: 21 | W53: 22 | X53: G | Y53: G | Z53: G | AA53: G | AB53: G | AC53: G | AD53: G | AE53: 30 | AF53: 31
A54: DANI | B54: 1 | C54: G | D54: G | E54: G | F54: G | G54: G | H54: G | I54: G | J54: 9 | K54: 10 | L54: 11 | M54: 12 | N54: 13 | O54: 14 | P54: 15 | Q54: 16 | R54: 17 | S54: 18 | T54: 19 | U54: 20 | V54: 21 | W54: 22 | X54: 23 | Y54: 24 | Z54: 25 | AA54: 26 | AB54: 27 | AC54: V | AD54: V | AE54: V | AF54: V
A55: EDUARDO | B55: 1 | C55: 2 | D55: 3 | E55: 4 | F55: 5 | G55: 6 | H55: 7 | I55: 8 | J55: G | K55: G | L55: G | M55: G | N55: G | O55: G | P55: G | Q55: 16 | R55: 17 | S55: 18 | T55: 19 | U55: 20 | V55: 21 | W55: 22 | X55: 23 | Y55: 24 | Z55: 25 | AA55: 26 | AB55: 27 | AC55: V | AD55: V | AE55: V | AF55: V
A56: FERNANDO LOURIDO | B56: G | C56: 2 | D56: 3 | E56: 4 | F56: 5 | G56: 6 | H56: 7 | I56: 8 | J56: 9 | K56: 10 | L56: 11 | M56: 12 | N56: 13 | O56: 14 | P56: 15 | Q56: 16 | R56: 17 | S56: 18 | T56: 19 | U56: 20 | V56: 21 | W56: 22 | X56: 23 | Y56: 24 | Z56: 25 | AA56: 26 | AB56: 27 | AC56: 28 | AD56: 29 | AE56: 30 | AF56: 31
A57: 45870
B58: Vi | C58: Sá | D58: Do | E58: Lu | F58: Ma | G58: Mi | H58: Ju | I58: Vi | J58: Sá | K58: Do | L58: Lu | M58: Ma | N58: Mi | O58: Ju | P58: Vi | Q58: Sá | R58: Do | S58: Lu | T58: Ma | U58: Mi | V58: Ju | W58: Vi | X58: Sá | Y58: Do | Z58: Lu | AA58: Ma | AB58: Mi | AC58: Ju | AD58: Vi | AE58: Sá | AF58: Do
A59: JORGE | B59: 1 | C59: 2 | D59: 3 | E59: 4 | F59: 5 | G59: 6 | H59: 7 | I59: 8 | J59: 9 | K59: 10 | L59: 11 | M59: 12 | N59: G | O59: G | P59: G | Q59: G | R59: G | S59: G | T59: G | U59: 20 | V59: 21 | W59: 22 | X59: 23 | Y59: 24 | Z59: 25 | AA59: 26 | AB59: 27 | AC59: 28 | AD59: 29 | AE59: 30 | AF59: 31
A60: ISRAEL HURTADO | B60: G | C60: G | D60: G | E60: G | F60: G | G60: 6 | H60: 7 | I60: 8 | J60: 9 | K60: 10 | L60: 11 | M60: 12 | N60: 13 | O60: 14 | P60: 15 | Q60: 16 | R60: 17 | S60: 18 | T60: 19 | U60: 20 | V60: 21 | W60: 22 | X60: 23 | Y60: 24 | Z60: 25 | AA60: 26 | AB60: 27 | AC60: 28 | AD60: 29 | AE60: 30 | AF60: 31
A61: CHEMA | B61: 1 | C61: 2 | D61: 3 | E61: 4 | F61: 5 | G61: G | H61: G | I61: G | J61: G | K61: G | L61: G | M61: G | N61: 13 | O61: 14 | P61: 15 | Q61: 16 | R61: 17 | S61: 18 | T61: 19 | U61: 20 | V61: 21 | W61: 22 | X61: 23 | Y61: 24 | Z61: 25 | AA61: 26 | AB61: 27 | AC61: 28 | AD61: 29 | AE61: 30 | AF61: 31
A62: DANI | B62: V | C62: 2 | D62: 3 | E62: V | F62: V | G62: V | H62: V | I62: V | J62: 9 | K62: 10 | L62: V | M62: V | N62: V | O62: V | P62: 15 | Q62: 16 | R62: 17 | S62: 18 | T62: 19 | U62: 20 | V62: 21 | W62: 22 | X62: 23 | Y62: 24 | Z62: 25 | AA62: 26 | AB62: G | AC62: G | AD62: G | AE62: G | AF62: G
A63: EDUARDO | B63: V | C63: 2 | D63: 3 | E63: V | F63: V | G63: V | H63: V | I63: V | J63: 9 | K63: 10 | L63: V | M63: 12 | N63: 13 | O63: 14 | P63: 15 | Q63: 16 | R63: 17 | S63: 18 | T63: 19 | U63: G | V63: G | W63: G | X63: G | Y63: G | Z63: G | AA63: G | AB63: 27 | AC63: 28 | AD63: 29 | AE63: 30 | AF63: 31
A64: FERNANDO LOURIDO | B64: 1 | C64: 2 | D64: 3 | E64: 4 | F64: 5 | G64: 6 | H64: 7 | I64: 8 | J64: 9 | K64: 10 | L64: 11 | M64: 12 | N64: 13 | O64: 14 | P64: 15 | Q64: 16 | R64: 17 | S64: 18 | T64: 19 | U64: 20 | V64: 21 | W64: 22 | X64: 23 | Y64: 24 | Z64: 25 | AA64: 26 | AB64: 27 | AC64: 28 | AD64: 29 | AE64: 30 | AF64: 31
A65: 45901
B66: Lu | C66: Ma | D66: Mi | E66: Ju | F66: Vi | G66: Sá | H66: Do | I66: Lu | J66: Ma | K66: Mi | L66: Ju | M66: Vi | N66: Sá | O66: Do | P66: Lu | Q66: Ma | R66: Mi | S66: Ju | T66: Vi | U66: Sá | V66: Do | W66: Lu | X66: Ma | Y66: Mi | Z66: Ju | AA66: Vi | AB66: Sá | AC66: Do | AD66: Lu | AE66: Ma
A67: JORGE | B67: 1 | C67: 2 | D67: 3 | E67: 4 | F67: 5 | G67: 6 | H67: 7 | I67: 8 | J67: 9 | K67: 10 | L67: 11 | M67: 12 | N67: 13 | O67: 14 | P67: 15 | Q67: 16 | R67: 17 | S67: 18 | T67: 19 | U67: 20 | V67: 21 | W67: C | X67: C | Y67: G | Z67: G | AA67: G | AB67: G | AC67: G | AD67: G | AE67: G
A68: ISRAEL HURTADO | B68: 1 | C68: 2 | D68: 3 | E68: 4 | F68: 5 | G68: 6 | H68: 7 | I68: 8 | J68: 9 | K68: G | L68: G | M68: G | N68: G | O68: G | P68: G | Q68: G | R68: 17 | S68: 18 | T68: 19 | U68: 20 | V68: 21 | W68: 22 | X68: 23 | Y68: 24 | Z68: 25 | AA68: 26 | AB68: 27 | AC68: 28 | AD68: 29 | AE68: 30
A69: CHEMA | B69: 1 | C69: 2 | D69: G | E69: G | F69: G | G69: G | H69: G | I69: G | J69: G | K69: 10 | L69: 11 | M69: 12 | N69: 13 | O69: 14 | P69: 15 | Q69: 16 | R69: 17 | S69: 18 | T69: 19 | U69: 20 | V69: 21 | W69: 22 | X69: 23 | Y69: 24 | Z69: 25 | AA69: 26 | AB69: 27 | AC69: 28 | AD69: 29 | AE69: 30
A70: DANI | B70: G | C70: G | D70: 3 | E70: 4 | F70: 5 | G70: 6 | H70: 7 | I70: 8 | J70: 9 | K70: 10 | L70: 11 | M70: 12 | N70: 13 | O70: 14 | P70: 15 | Q70: 16 | R70: 17 | S70: 18 | T70: 19 | U70: 20 | V70: 21 | W70: 22 | X70: 23 | Y70: 24 | Z70: 25 | AA70: 26 | AB70: 27 | AC70: 28 | AD70: 29 | AE70: 30
A71: EDUARDO | B71: 1 | C71: 2 | D71: 3 | E71: 4 | F71: 5 | G71: 6 | H71: 7 | I71: 8 | J71: 9 | K71: 10 | L71: 11 | M71: 12 | N71: 13 | O71: 14 | P71: 15 | Q71: 16 | R71: 17 | S71: 18 | T71: 19 | U71: 20 | V71: 21 | W71: 22 | X71: 23 | Y71: 24 | Z71: 25 | AA71: 26 | AB71: 27 | AC71: 28 | AD71: 29 | AE71: 30
A72: FERNANDO LOURIDO | B72: 1 | C72: 2 | D72: 3 | E72: 4 | F72: 5 | G72: 6 | H72: 7 | I72: 8 | J72: 9 | K72: 10 | L72: 11 | M72: 12 | N72: 13 | O72: 14 | P72: 15 | Q72: 16 | R72: G | S72: G | T72: G | U72: G | V72: G | W72: G | X72: G | Y72: 24 | Z72: 25 | AA72: 26 | AB72: 27 | AC72: 28 | AD72: 29 | AE72: 30
A73: 45931
B74: Mi | C74: Ju | D74: Vi | E74: Sá | F74: Do | G74: Lu | H74: Ma | I74: Mi | J74: Ju | K74: Vi | L74: Sá | M74: Do | N74: Lu | O74: Ma | P74: Mi | Q74: Ju | R74: Vi | S74: Sá | T74: Do | U74: Lu | V74: Ma | W74: Mi | X74: Ju | Y74: Vi | Z74: Sá | AA74: Do | AB74: Lu | AC74: Ma | AD74: Mi | AE74: Ju | AF74: Vi
A75: JORGE | B75: 1 | C75: 2 | D75: 3 | E75: 4 | F75: 5 | G75: 6 | H75: 7 | I75: 8 | J75: 9 | K75: 10 | L75: 11 | M75: 12 | N75: 13 | O75: 14 | P75: 15 | Q75: 16 | R75: 17 | S75: 18 | T75: 19 | U75: 20 | V75: 21 | W75: 22 | X75: 23 | Y75: 24 | Z75: 25 | AA75: 26 | AB75: 27 | AC75: 28 | AD75: G | AE75: G | AF75: G
A76: ISRAEL HURTADO | B76: 1 | C76: 2 | D76: 3 | E76: 4 | F76: 5 | G76: 6 | H76: 7 | I76: 8 | J76: 9 | K76: 10 | L76: 11 | M76: 12 | N76: 13 | O76: 14 | P76: G | Q76: G | R76: G | S76: G | T76: G | U76: G | V76: G | W76: 22 | X76: 23 | Y76: 24 | Z76: 25 | AA76: 26 | AB76: V | AC76: V | AD76: V | AE76: V | AF76: V
A77: CHEMA | B77: 1 | C77: 2 | D77: 3 | E77: 4 | F77: 5 | G77: 6 | H77: 7 | I77: G | J77: G | K77: G | L77: G | M77: G | N77: G | O77: G | P77: 15 | Q77: 16 | R77: 17 | S77: 18 | T77: 19 | U77: 20 | V77: 21 | W77: 22 | X77: 23 | Y77: 24 | Z77: 25 | AA77: 26 | AB77: 27 | AC77: 28 | AD77: 29 | AE77: 30 | AF77: 31
A78: DANI | B78: 1 | C78: 2 | D78: 3 | E78: 4 | F78: 5 | G78: 6 | H78: 7 | I78: 8 | J78: 9 | K78: 10 | L78: 11 | M78: 12 | N78: C | O78: 14 | P78: 15 | Q78: 16 | R78: 17 | S78: 18 | T78: 19 | U78: 20 | V78: 21 | W78: G | X78: G | Y78: G | Z78: G | AA78: G | AB78: G | AC78: G | AD78: 29 | AE78: 30 | AF78: 31
A79: EDUARDO | B79: G | C79: G | D79: G | E79: G | F79: G | G79: G | H79: G | I79: 8 | J79: 9 | K79: 10 | L79: 11 | M79: 12 | N79: 13 | O79: 14 | P79: 15 | Q79: 16 | R79: 17 | S79: 18 | T79: 19 | U79: 20 | V79: 21 | W79: 22 | X79: 23 | Y79: 24 | Z79: 25 | AA79: 26 | AB79: 27 | AC79: 28 | AD79: 29 | AE79: 30 | AF79: 31
A80: FERNANDO LOURIDO | B80: 1 | C80: 2 | D80: 3 | E80: 4 | F80: 5 | G80: C | H80: V | I80: V | J80: V | K80: V | L80: 11 | M80: 12 | N80: V | O80: V | P80: V | Q80: V | R80: V | S80: 18 | T80: 19 | U80: 20 | V80: 21 | W80: 22 | X80: 23 | Y80: 24 | Z80: 25 | AA80: 26 | AB80: 27 | AC80: 28 | AD80: 29 | AE80: 30 | AF80: 31
A81: 45962
B82: Sá | C82: Do | D82: Lu | E82: Ma | F82: Mi | G82: Ju | H82: Vi | I82: Sá | J82: Do | K82: Lu | L82: Ma | M82: Mi | N82: Ju | O82: Vi | P82: Sá | Q82: Do | R82: Lu | S82: Ma | T82: Mi | U82: Ju | V82: Vi | W82: Sá | X82: Do | Y82: Lu | Z82: Ma | AA82: Mi | AB82: Ju | AC82: Vi | AD82: Sá | AE82: Do
A83: JORGE | B83: G | C83: G | D83: G | E83: G | F83: 5 | G83: 6 | H83: 7 | I83: 8 | J83: 9 | K83: 10 | L83: 11 | M83: 12 | N83: 13 | O83: 14 | P83: 15 | Q83: 16 | R83: 17 | S83: 18 | T83: 19 | U83: 20 | V83: 21 | W83: 22 | X83: 23 | Y83: 24 | Z83: 25 | AA83: 26 | AB83: 27 | AC83: 28 | AD83: 29 | AE83: 30
A84: ISRAEL HURTADO | B84: 1 | C84: 2 | D84: 3 | E84: 4 | F84: 5 | G84: 6 | H84: 7 | I84: 8 | J84: 9 | K84: 10 | L84: 11 | M84: G | N84: G | O84: G | P84: G | Q84: G | R84: G | S84: G | T84: G | U84: G | V84: G | W84: G | X84: G | Y84: G | Z84: G | AA84: 26 | AB84: 27 | AC84: 28 | AD84: 29 | AE84: 30
A85: CHEMA | B85: 1 | C85: 2 | D85: 3 | E85: 4 | F85: G | G85: G | H85: G | I85: G | J85: G | K85: G | L85: G | M85: 12 | N85: 13 | O85: 14 | P85: 15 | Q85: 16 | R85: 17 | S85: 18 | T85: 19 | U85: 20 | V85: C | W85: 22 | X85: 23 | Y85: 24 | Z85: 25 | AA85: 26 | AB85: 27 | AC85: 28 | AD85: 29 | AE85: 30
A86: DANI | B86: 1 | C86: 2 | D86: C | E86: 4 | F86: 5 | G86: 6 | H86: 7 | I86: 8 | J86: 9 | K86: 10 | L86: 11 | M86: 12 | N86: 13 | O86: 14 | P86: 15 | Q86: 16 | R86: 17 | S86: 18 | T86: 19 | U86: 20 | V86: 21 | W86: 22 | X86: 23 | Y86: 24 | Z86: 25 | AA86: G | AB86: G | AC86: G | AD86: G | AE86: G
A87: EDUARDO | B87: 1 | C87: 2 | D87: C | E87: 4 | F87: 5 | G87: 6 | H87: V | I87: 8 | J87: 9 | K87: 10 | L87: 11 | M87: 12 | N87: 13 | O87: V | P87: 15 | Q87: 16 | R87: 17 | S87: 18 | T87: 19 | U87: 20 | V87: 21 | W87: 22 | X87: 23 | Y87: 24 | Z87: 25 | AA87: V | AB87: 27 | AC87: 28 | AD87: 29 | AE87: 30
A88: FERNANDO LOURIDO | B88: 1 | C88: 2 | D88: 3 | E88: 4 | F88: 5 | G88: 6 | H88: 7 | I88: 8 | J88: 9 | K88: C | L88: C | M88: C | N88: C | O88: V | P88: 15 | Q88: 16 | R88: V | S88: V | T88: V | U88: V | V88: N | W88: G | X88: G | Y88: G | Z88: G | AA88: 26 | AB88: 27 | AC88: 28 | AD88: 29 | AE88: 30
A89: 45992
B90: Lu | C90: Ma | D90: Mi | E90: Ju | F90: Vi | G90: Sá | H90: Do | I90: Lu | J90: Ma | K90: Mi | L90: Ju | M90: Vi | N90: Sá | O90: Do | P90: Lu | Q90: Ma | R90: Mi | S90: Ju | T90: Vi | U90: Sá | V90: Do | W90: Lu | X90: Ma | Y90: Mi | Z90: Ju | AA90: Vi | AB90: Sá | AC90: Do | AD90: Lu | AE90: Ma | AF90: Mi
A91: JORGE | B91: 1 | C91: 2 | D91: 3 | E91: 4 | F91: 5 | G91: 6 | H91: 7 | I91: 8 | J91: 9 | K91: 10 | L91: 11 | M91: 12 | N91: 13 | O91: 14 | P91: 15 | Q91: 16 | R91: 17 | S91: 18 | T91: 19 | U91: 20 | V91: 21 | W91: 22 | X91: 23 | Y91: G | Z91: G | AA91: G | AB91: G | AC91: G | AD91: G | AE91: G | AF91: V
A92: ISRAEL HURTADO | B92: 1 | C92: 2 | D92: 3 | E92: 4 | F92: 5 | G92: 6 | H92: 7 | I92: 8 | J92: 9 | K92: 10 | L92: 11 | M92: 12 | N92: 13 | O92: 14 | P92: 15 | Q92: 16 | R92: G | S92: G | T92: G | U92: G | V92: G | W92: G | X92: G | Y92: 24 | Z92: 25 | AA92: 26 | AB92: 27 | AC92: 28 | AD92: 29 | AE92: 30 | AF92: V
A93: CHEMA | B93: 1 | C93: 2 | D93: 3 | E93: 4 | F93: C | G93: 6 | H93: 7 | I93: 8 | J93: 9 | K93: G | L93: G | M93: G | N93: G | O93: G | P93: G | Q93: G | R93: V | S93: V | T93: V | U93: 20 | V93: 21 | W93: V | X93: V | Y93: V | Z93: 25 | AA93: C | AB93: 27 | AC93: 28 | AD93: 29 | AE93: 30 | AF93: C
A94: DANI | B94: G | C94: G | D94: 3 | E94: 4 | F94: 5 | G94: 6 | H94: 7 | I94: 8 | J94: V | K94: 10 | L94: 11 | M94: 12 | N94: 13 | O94: 14 | P94: 15 | Q94: 16 | R94: 17 | S94: 18 | T94: V | U94: 20 | V94: 21 | W94: V | X94: V | Y94: C | Z94: 25 | AA94: V | AB94: 27 | AC94: 28 | AD94: V | AE94: V | AF94: G
A95: EDUARDO | B95: 1 | C95: 2 | D95: G | E95: G | F95: G | G95: G | H95: G | I95: G | J95: G | K95: 10 | L95: 11 | M95: 12 | N95: 13 | O95: 14 | P95: 15 | Q95: 16 | R95: 17 | S95: V | T95: 19 | U95: 20 | V95: 21 | W95: 22 | X95: 23 | Y95: 24 | Z95: 25 | AA95: 26 | AB95: 27 | AC95: 28 | AD95: V | AE95: V | AF95: C
A96: FERNANDO LOURIDO | B96: 1 | C96: 2 | D96: 3 | E96: 4 | F96: 5 | G96: 6 | H96: 7 | I96: 8 | J96: 9 | K96: 10 | L96: 11 | M96: 12 | N96: 13 | O96: 14 | P96: 15 | Q96: 16 | R96: 17 | S96: 18 | T96: 19 | U96: 20 | V96: 21 | W96: 22 | X96: 23 | Y96: 24 | Z96: 25 | AA96: 26 | AB96: 27 | AC96: 28 | AD96: 29 | AE96: 30 | AF96: 31
A97: 46023
B98: Ju | C98: Vi | D98: Sá | E98: Do | F98: Lu | G98: Ma | H98: Mi | I98: Ju | J98: Vi | K98: Sá | L98: Do | M98: Lu | N98: Ma | O98: Mi | P98: Ju | Q98: Vi | R98: Sá | S98: Do | T98: Lu | U98: Ma | V98: Mi | W98: Ju | X98: Vi | Y98: Sá | Z98: Do | AA98: Lu | AB98: Ma | AC98: Mi | AD98: Ju | AE98: Vi | AF98: Sá
A99: JORGE | B99: 1 | C99: V | D99: 3 | E99: 4 | F99: V | G99: 6 | H99: V | I99: V | J99: V | K99: 10 | L99: 11 | M99: V | N99: V | O99: G | P99: G | Q99: G | R99: G | S99: G | T99: G | U99: G | V99: 21 | W99: 22 | X99: 23 | Y99: 24 | Z99: 25 | AA99: 26 | AB99: 27 | AC99: 28 | AD99: 29 | AE99: 30 | AF99: 31
A100: ISRAEL HURTADO | B100: 1 | C100: V | D100: 3 | E100: 4 | F100: V | G100: 6 | H100: V | I100: V | J100: V | K100: 10 | L100: 11 | M100: V | N100: 13 | O100: 14 | P100: 15 | Q100: 16 | R100: 17 | S100: 18 | T100: 19 | U100: 20 | V100: G | W100: G | X100: G | Y100: G | Z100: G | AA100: G | AB100: G | AC100: 28 | AD100: 29 | AE100: 30 | AF100: 31
...

Sheet TT NAVIDADES 2025-2026
D1: S | E1: D | F1: L | G1: M | H1: MI | I1: JU | J1: VI | K1: S | L1: D | M1: L | N1: M | O1: MI
B2: Nombre | C2: Mes | D2: 20 | E2: 21 | F2: 22 | G2: 23 | H2: 24 | I2: 25 | J2: 26 | K2: 27 | L2: 28 | M2: 29 | N2: 30 | O2: 31
B3: Israel Hurtado Arribas | C3: Diciembre | D3: F | E3: F | F3: 1 | G3: 1 | H3: 0 | I3: F | J3: 0 | K3: F | L3: F | M3: 1 | N3: 0 | O3: V
B4: Daniel Portugues Moncalvillo | C4: Diciembre | D4: F | E4: F | F4: V | G4: V | H4: A | I4: F | J4: V | K4: F | L4: F | M4: V | N4: V | O4: 0
B5: Jose María Andres Becerra | C5: Diciembre | D5: F | E5: F | F5: V | G5: V | H5: V | I5: F | J5: A | K5: F | L5: F | M5: 1 | N5: 0 | O5: A
B6: Fernando Miguel Lourido | C6: Diciembre | D6: F | E6: F | F6: 0 | G6: 0 | H6: 1 | I6: F | J6: 1 | K6: F | L6: F | M6: 0 | N6: 1 | O6: 1
B7: Jorge Zamorano | C7: Diciembre | D7: F | E7: F | F7: 0 | G7: 1 | H7: 0 | I7: F | J7: 1 | K7: F | L7: F | M7: 0 | N7: 1 | O7: A
B8: Katherine Llantoy | C8: Diciembre | D8: F | E8: F | F8: V | G8: V | H8: V | I8: F | J8: A | K8: F | L8: F | M8: V | N8: V | O8: 1
B9: Eduardo Rodriguez Izquierdo | C9: Diciembre | D9: F | E9: F | F9: 0 | G9: 1 | H9: 1 | I9: F | J9: 0 | K9: F | L9: F | M9: V | N9: V | O9: A
B10: Manuel Alejandro Cabana | C10: Diciembre | D10: F | E10: F | F10: 1 | G10: V | H10: V | I10: F | J10: V | K10: F | L10: F | M10: V | N10: V | O10: A
B11: Roberto Padovano Gonzalez | C11: Diciembre | D11: F | E11: F | F11: A | G11: A | H11: V | I11: F | J11: V | K11: F | L11: F | M11: V | N11: V | O11: V
B12: TOTAL | F12: =SUM(F3:F11) -> 2 | G12: =SUM(G3:G11) -> 3 | H12: =SUM(H3:H11) -> 2 | J12: =SUM(J3:J11) -> 2 | M12: =SUM(M3:M11) -> 2 | N12: =SUM(N3:N11) -> 2 | O12: =SUM(O3:O11) -> 2
D14: J | E14: V | F14: S | G14: D | H14: L | I14: M | J14: MI | K14: J | L14: V | M14: S | N14: D
B15: Nombre | C15: Mes | D15: 1 | E15: 2 | F15: 3 Ro | G15: 4 | H15: 5 Fr | I15: 6 | J15: 7 | K15: 8 | L15: 9 | M15: 10 | N15: 11
B16: Daniel Portugues Moncalvillo | C16: Enero | D16: F | E16: 0 | F16: F | G16: F | H16: 1 | I16: F | J16: 0 | K16: 0 | L16: 1 | M16: F | N16: F
B17: Eduardo Rodriguez Izquierdo | C17: Enero | D17: F | E17: V | F17: F | G17: F | H17: V | I17: F | J17: V | K17: 0 | L17: 1 | M17: F | N17: F
B18: Fernando Miguel Lourido | C18: Enero | D18: F | E18: 1 | F18: F | G18: F | H18: 0 | I18: F | J18: 1 | K18: 1 | L18: 0 | M18: F | N18: F
B19: Israel Hurtado Arribas | C19: Enero | D19: F | E19: V | F19: F | G19: F | H19: V | I19: F | J19: V | K19: V | L19: V | M19: F | N19: F
B20: Jorge Zamorano | C20: Enero | D20: F | E20: V | F20: F | G20: F | H20: V | I20: F | J20: V | K20: V | L20: V | M20: F | N20: F
B21: Roberto Padovano Gonzalez | C21: Enero | D21: F | E21: V | F21: F | G21: F | H21: A | I21: F | J21: V | K21: v | L21: 1 | M21: F | N21: F
B22: Jose María Andres Becerra | C22: Enero | D22: F | E22: 0 | F22: F | G22: F | H22: 1 | I22: F | J22: 0 | K22: 1 | L22: 0 | M22: F | N22: F
B23: Katherine Llantoy | C23: Enero | D23: F | E23: 0 | F23: F | G23: F | H23: 0 | I23: F | J23: 1 | K23: 1 | L23: 0 | M23: F | N23: F
B24: Manuel Alejandro Cabana | C24: Enero | D24: F | E24: 1 | F24: F | G24: F | H24: V | I24: F | J24: 1 | K24: 0 | L24: 0 | M24: F | N24: F
B25: TOTAL | E25: =SUM(E16:E24) -> 2 | H25: =SUM(H16:H24) -> 2 | J25: =SUM(J16:J24) -> 3 | K25: =SUM(K16:K24) -> 3 | L25: =SUM(L16:L24) -> 3
C28: 1 | D28: Oficina
C29: 0 | D29: Teletrabajo

Sheet Hoja2
A1: 45717
A2: 45718
A3: 45719
A4: 45720
A5: 45721
A6: 45722
A7: 45723
A8: 45724
A9: 45725
A10: 45726
A11: 45727
A12: 45728
... A31: 45747

Sheet Intervenciones NyM
A1: Mes | B1: Día | C1: Fecha | D1: Técnico | E1: Grupo | F1: Hora Incio | G1: Hora Fin | H1: Duración | I1: Id Cambio | J1: Nombre cambio | K1: Observaciones / Resultados
A2: Enero | B2: Miércoles | C2: 45292 | D2: FREEZE NAVIDAD
A3: Enero | B3: Jueves | C3: 45293 | D3: FREEZE NAVIDAD
A4: Enero | B4: Viernes | C4: 45294 | D4: FREEZE NAVIDAD
A5: Enero | B5: Sábado | C5: 45295 | D5: FREEZE NAVIDAD
A6: Enero | B6: Domingo | C6: 45296 | D6: FREEZE NAVIDAD
A7: Enero | B7: Lunes | C7: 45297 | D7: FREEZE NAVIDAD
A8: Enero | B8: Martes | C8: 45298 | D8: FREEZE NAVIDAD
A9: Enero | B9: Miércoles | C9: 45299 | D9: FREEZE NAVIDAD
A10: Enero | B10: Jueves | C10: 45300 | D10: FREEZE NAVIDAD
A11: Enero | B11: Viernes | C11: 45301 | D11: FREEZE NAVIDAD
A12: Enero | B12: Sábado | C12: 45668
A13: Enero | B13: Domingo | C13: 45669
A14: Enero | B14: Lunes | C14: 44209
A15: Enero | B15: Martes | C15: 45305
A16: Enero | B16: Miércoles | C16: 45306
A17: Enero | B17: Jueves | C17: 45307
A18: Enero | B18: Viernes | C18: 45308
A19: Enero | B19: Sábado | C19: 45309
A20: Enero | B20: Domingo | C20: 45310 | D20: Francisco Javier Puertas de la Plaza | E20: Voice | F20: 0.041666667 | G20: 0.14236111 | H20: 0.10069444 | I20: CHG001999260 | J20: Upgrade in place Redhat de las máquinas de Base de datos por obsolescencia. DB de EurekaVR STP ES - Cadena 2 | K20: OK
A21: Enero | B21: Lunes | C21: 45311
A22: Enero | B22: Martes | C22: 45312
A23: Enero | B23: Miércoles | C23: 45313
A24: Enero | B24: Jueves | C24: 45345
A25: Enero | B25: Viernes | C25: 45315 | D25: Alfonso Gómez Calzado | E25: Voice | F25: 0.91666667 | G25: 0.065972222 | H25: 0.14930556 | I25: CHG002007196 | J25: Vuelta a configuración 50%-50% en el registro de teléfonos HCS sobre los DCs de Telefónica tras fin de incidencia y fin de freeze navideño | K25: OK
A26: Enero | B26: Viernes | C26: 45315 | D26: Rebeca Ayarza Nebreda | E26: Multimedia | F26: 0.95833333 | G26: 0.97986111 | H26: 0.020833333 | I26: CHG002010640 | J26: Sustitución de certificado del dominio waveplayer01.santandergroup.net | K26: OK
A27: Enero | B27: Sábado | C27: 45316 | D27: Alfonso Gómez Calzado | E27: Voice | F27: 0.33333333 | G27: 0.61805556 | H27: 0.28472222 | I27: CHG002009913 | J27: Plan de Migración de telefonía corporativa Cisco HCS a Cisco Webex Calling - Cambio 1 de 12 | K27: OK
A28: Enero | B28: Domingo | C28: 45317
A29: Enero | B29: Lunes | C29: 45318
A30: Enero | B30: Martes | C30: 45319
A31: Enero | B31: Miércoles | C31: 45320
A32: Enero | B32: Jueves | C32: 45321
A33: Enero | B33: Viernes | C33: 45322
A35: Febrero | B35: Sábado | C35: 45689
A36: Febrero | B36: Domingo | C36: 45690
A37: Febrero | B37: Lunes | C37: 45691
A38: Febrero | B38: Martes | C38: 45692
A39: Febrero | B39: Miércoles | C39: 45693
A40: Febrero | B40: Jueves | C40: 45694 | D40: Alfonso Gómez Calzado | E40: Voice | F40: 0.83333333 | G40: 0.95833333 | H40: 0.125 | I40: CHG002031665 | J40: Reconfigurar Data Policy para enrutar los servidores de Webex calling por red interna en lugar de internet breakout - Edificios Alhambra y Mauricio Legendre | K40: OK
A41: Febrero | B41: Jueves | C41: 45694 | D41: Jose María Moreno Moreno | E41: Voice | F41: 0.95833333 | G41: 0.020833333 | H41: 0.0625 | I41: CHG002038945 | J41: Renovación de certificado en servidor centralita standby del Call Center STP España | K41: OK
A42: Febrero | B42: Jueves | C42: 45694 | D42: Rebeca Ayarza Nebreda | E42: Multimedia | F42: 0.95833333 | G42: 0.13541667 | H42: 0.17708333 | I42: CHG002020334 | J42: Actualización por obsolescencia web server de Wave VMNXCEVPROXP02 | K42: NOK
A43: Febrero | B43: Viernes | C43: 45695
A44: Febrero | B44: Sábado | C44: 45696 | D44: Alfonso Gómez Calzado | E44: Voice | F44: 0.33333333 | G44: 0.70833333 | H44: 0.375 | I44: CHG002009981 | J44: Plan de Migración de telefonía corporativa Cisco HCS a Cisco Webex Calling - Cambio 2 de 12 | K44: OK
A45: Febrero | B45: Domingo | C45: 45697
A46: Febrero | B46: Lunes | C46: 45698
A47: Febrero | B47: Martes | C47: 45699
A48: Febrero | B48: Miércoles | C48: 45700
A49: Febrero | B49: Jueves | C49: 45701
A50: Febrero | B50: Viernes | C50: 45702
A51: Febrero | B51: Sábado | C51: 45703 | D51: Alfonso Gómez Calzado | E51: Voice | F51: 0.33333333 | G51: 0.96875 | H51: 0.625 | I51: CHG002028346 | J51: Plan de Migración de telefonía corporativa Cisco HCS a Cisco Webex Calling - Cambio 3 de 12 | K51: OK
A52: Febrero | B52: Domingo | C52: 45704
A53: Febrero | B53: Lunes | C53: 45705
A54: Febrero | B54: Martes | C54: 45706
A55: Febrero | B55: Miércoles | C55: 45707
A56: Febrero | B56: Jueves | C56: 45708
A57: Febrero | B57: Viernes | C57: 45709
A58: Febrero | B58: Sábado | C58: 45710 | D58: Alfonso Gómez Calzado | E58: Voice | F58: 0.33333333 | G58: 0.60416667 | H58: 0.27083333 | I58: CHG002054503 | J58: Plan de Migración de telefonía corporativa Cisco HCS a Cisco Webex Calling - Cambio 4 de 12 | K58: OK
A59: Febrero | B59: Domingo | C59: 45711
A60: Febrero | B60: Lunes | C60: 45712
A61: Febrero | B61: Martes | C61: 45713
A62: Febrero | B62: Miércoles | C62: 45714
A63: Febrero | B63: Jueves | C63: 45715
A64: Febrero | B64: Viernes | C64: 45716
A66: Febrero | B66: Sábado | C66: 45717
A67: Febrero | B67: Domingo | C67: 45718
A68: Febrero | B68: Lunes | C68: 45719
A69: Febrero | B69: Martes | C69: 45720
A70: Febrero | B70: Miércoles | C70: 45721
A71: Febrero | B71: Jueves | C71: 45722
A72: Febrero | B72: Viernes | C72: 45723
A73: Febrero | B73: Sábado | C73: 45724 | D73: Alfonso Gómez Calzado | E73: Voice | F73: 0.33333333 | G73: 0.625 | H73: 0.29166667 | I73: CHG002074545 | J73: Plan de Migración de telefonía corporativa Cisco HCS a Cisco Webex Calling - Cambio 5 de 12 | K73: OK
A74: Febrero | B74: Domingo | C74: 45725
A75: Febrero | B75: Lunes | C75: 45726
A76: Febrero | B76: Martes | C76: 45727
A77: Febrero | B77: Miércoles | C77: 45728
A78: Febrero | B78: Jueves | C78: 45729
A79: Febrero | B79: Viernes | C79: 45730
A80: Febrero | B80: Sábado | C80: 45731 | D80: Alfonso Gómez Calzado | E80: Voice | F80: 0.33333333 | G80: 0.60416667 | H80: 0.27083333 | I80: CHG002100763 | J80: Plan de Migración de telefonía corporativa Cisco HCS a Cisco Webex Calling - Cambio 6 de 12
A81: Febrero | B81: Domingo | C81: 45732
A82: Febrero | B82: Lunes | C82: 45733
A83: Febrero | B83: Martes | C83: 45734 | D83: Francisco Javier Puertas de la Plaza | E83: Voice | F83: 0.9375 | G83: 0.083333333 | H83: 0.14583333 | I83: CHG002103954 | J83: Eureka Voice Recording web. Actualizacion WAR para soporte LDAP Seguro
A84: Febrero | B84: Miércoles | C84: 45735
A85: Febrero | B85: Jueves | C85: 45736
A86: Febrero | B86: Viernes | C86: 45737
A87: Febrero | B87: Sábado | C87: 45738 | D87: Alfonso Gómez Calzado | E87: Voice | F87: 0.33333333 | G87: 0.60416667 | H87: 0.27083333 | I87: CHG002102208 | J87: Plan de Migración de telefonía corporativa Cisco HCS a Cisco Webex Calling - Cambio 7 de 12
A88: Febrero | B88: Domingo | C88: 45739
A89: Febrero | B89: Lunes | C89: 45740
A90: Febrero | B90: Martes | C90: 45741
A91: Febrero | B91: Miércoles | C91: 45742
A92: Febrero | B92: Jueves | C92: 45743
A93: Febrero | B93: Viernes | C93: 45744
A94: Febrero | B94: Sábado | C94: 45745
A95: Febrero | B95: Domingo | C95: 45746
A96: Febrero | B96: Lunes | C96: 45747

Sheet Cuadrante Móvil Guardia Network
A1: posición | B1: técnicos | C1: teléfono
A2: 1 | B2: Fernando Manuel Langreo Gonzalez | C2: 652804917
A3: 2 | B3: Jose Miguel Perea Conde | C3: 684432273
A4: 3 | B4: Luis Fariñas Moreno | C4: 658369172
A5: 4 | B5: Carlos Bourgeon Perez | C5: 605486183
A6: 5 | B6: Ricardo Ortiz Merino | C6: 684433715
A7: 6 | B7: Eduardo Rodriguez Izquierdo | C7: 684433775
A8: 7 | B8: Jorge Zamorano Rueda | C8: 605486537
A9: 8 | B9: Servicio BT Guardia 24x7 | C9: 651577705

Sheet TURNOS TELETRABAJO NETWORK
A1: NOMBRE | B1: DEPARTAMENTO | C1: ROL | D1: LUNES | E1: MARTES | F1: MIERCOLES | G1: JUEVES | H1: VIERNES | I1: DIAS OFICINA | J1: TRABAJO OFICINA
A2: Katherine Llantoy Salvatierra | B2: Network | C2: INTERNO | D2: 1 | E2: 1 | F2: 0.5 | G2: 0 | H2: 0 | I2: =SUM(D2:H2) -> 2.5 | J2: =SUM(D2:H2)/5 -> 0.5
A3: Eduardo Rodriguez Izquierdo | B3: Network | C3: INTERNO | D3: 0 | E3: 1 | F3: 1 | G3: 0 | H3: 0.5 | I3: =SUM(D3:H3) -> 2.5 | J3: =SUM(D3:H3)/5 -> 0.5
A4: Jorge Zamorano Rueda | B4: Network | C4: INTERNO | D4: 0 | E4: 1 | F4: 0 | G4: 1 | H4: 0.5 | I4: =SUM(D4:H4) -> 2.5 | J4: =SUM(D4:H4)/5 -> 0.5
A5: DANIEL PORTUGUES MONCALVILLO | B5: Network | C5: INTERNO | D5: 1 | E5: 0 | F5: 0.5 | G5: 0 | H5: 1 | I5: =SUM(D5:H5) -> 2.5 | J5: =SUM(D5:H5)/5 -> 0.5
A6: FERNANDO MIGUEL LOURIDO DOÑORO | B6: Network | C6: INTERNO | D6: 0 | E6: 0 | F6: 1 | G6: 1 | H6: 0.5 | I6: =SUM(D6:H6) -> 2.5 | J6: =SUM(D6:H6)/5 -> 0.5
A7: JOSE MARIA ANDRES BECERRA | B7: Network | C7: INTERNO | D7: 0 | E7: 0 | F7: 1 | G7: 1 | H7: 0.5 | I7: =SUM(D7:H7) -> 2.5 | J7: =SUM(D7:H7)/5 -> 0.5
A8: ISRAEL HURTADO ARRIBAS | B8: Network | C8: INTERNO | D8: 1 | E8: 1 | F8: 1 | G8: 0 | H8: 0 | I8: =SUM(D8:H8) -> 3 | J8: 0.5
A9: MANUEL CABANA ROBAINA | B9: Network | C9: INTERNO | D9: 0 | E9: 0.5 | F9: 0 | G9: 1 | H9: 1 | I9: =SUM(D9:H9) -> 2.5 | J9: =SUM(D9:H9)/5 -> 0.5
A10: FRANCISCO JAVIER PASTOR | B10: Network | C10: INTERNO | D10: 1 | E10: 0 | F10: 1 | G10: 0 | H10: 1 | I10: =SUM(D10:H10) -> 3 | J10: 0.5
A11: FRANCISCO JAVIER GARCIA MATA | B11: Network | C11: INTERNO | D11: 0 | E11: 0 | F11: 1 | G11: 1 | H11: 0 | I11: =SUM(D11:H11) -> 2 | J11: 0.5
A12: ROBERTO PADOVANO GONZALEZ | B12: Network | C12: INTERNO | D12: 0 | E12: 1 | F12: 0 | G12: 0.5 | H12: 1 | I12: =SUM(D12:H12) -> 2.5
A13: TOTAL | D13: =SUM(D2:D12) -> 4 | E13: =SUM(E2:E12) -> 5.5 | F13: =SUM(F2:F12) -> 7 | G13: =SUM(G2:G12) -> 5.5 | H13: =SUM(H2:H12) -> 6 | I13: =SUM(I2:I12) -> 28 | J13: 0.5
A16: SEMANA IMPAR (1-7, 15-22)
A18: PERSONA | B18: LUNES | C18: MARTES | D18: MIERCOLES | E18: JUEVES | F18: VIERNES | G18: DIAS OFICINA
A19: Katherine Llantoy Salvatierra | B19: 1 | C19: 1 | D19: 0 | E19: 0 | F19: 0 | G19: =SUM(B19:F19) -> 2 | H19: L, M, X
A20: Eduardo Rodriguez Izquierdo | B20: 0 | C20: 1 | D20: 0 | E20: 1 | F20: 0 | G20: =SUM(B20:F20) -> 2 | H20: M,J
A21: Jorge Zamorano Rueda | B21: 0 | C21: 1 | D21: 0 | E21: 1 | F21: 0 | G21: =SUM(B21:F21) -> 2 | H21: M, J, V
A22: DANIEL PORTUGUES MONCALVILLO | B22: 1 | C22: 0 | D22: 1 | E22: 0 | F22: 1 | G22: =SUM(B22:F22) -> 3
A23: FERNANDO MIGUEL LOURIDO DOÑORO | B23: 0 | C23: 0 | D23: 1 | E23: 1 | F23: 0 | G23: =SUM(B23:F23) -> 2 | H23: X, J, V
A24: JOSE MARIA ANDRES BECERRA | B24: 0 | C24: 0 | D24: 1 | E24: 1 | F24: 0 | G24: =SUM(B24:F24) -> 2
A25: ISRAEL HURTADO ARRIBAS | B25: 1 | C25: 1 | D25: 1 | E25: 0 | F25: 0 | G25: =SUM(B25:F25) -> 3
A26: MANUEL CABANA ROBAINA | B26: 0 | C26: 0 | D26: 0 | E26: 1 | F26: 1 | G26: =SUM(B26:F26) -> 2
A27: FRANCISCO JAVIER PASTOR | B27: 1 | C27: 0 | D27: 1 | E27: 0 | F27: 1 | G27: =SUM(B27:F27) -> 3
A28: FRANCISCO JAVIER GARCIA MATA | B28: 0 | C28: 0 | D28: 1 | E28: 1 | F28: 0 | G28: =SUM(B28:F28) -> 2
A29: ROBERTO PADOVANO GONZALEZ | B29: 0 | C29: 1 | D29: 0 | E29: 0 | F29: 1 | G29: =SUM(B29:F29) -> 2 | H29: M, J, V
A30: TOTAL | B30: =SUM(B19:B29) -> 4 | C30: =SUM(C19:C29) -> 5 | D30: =SUM(D19:D29) -> 6 | E30: =SUM(E19:E29) -> 6 | F30: =SUM(F19:F29) -> 4 | G30: =SUM(B30:F30) -> 25
A33: SEMANA PAR (8-15, 22-30)
A35: PERSONA | B35: LUNES | C35: MARTES | D35: MIERCOLES | E35: JUEVES | F35: VIERNES | G35: DIAS OFICINA
A36: Katherine Llantoy Salvatierra | B36: 1 | C36: 1 | D36: 1 | E36: 0 | F36: 0 | G36: =SUM(B36:F36) -> 3
A37: Eduardo Rodriguez Izquierdo | B37: 0 | C37: 1 | D37: 0 | E37: 1 | F37: 1 | G37: =SUM(B37:F37) -> 3 | H37: M,J,V
A38: Jorge Zamorano Rueda | B38: 0 | C38: 1 | D38: 0 | E38: 1 | F38: 1 | G38: =SUM(B38:F38) -> 3
A39: DANIEL PORTUGUES MONCALVILLO | B39: 1 | C39: 0 | D39: 0 | E39: 0 | F39: 1 | G39: =SUM(B39:F39) -> 2
A40: FERNANDO MIGUEL LOURIDO DOÑORO | B40: 0 | C40: 0 | D40: 1 | E40: 1 | F40: 1 | G40: =SUM(B40:F40) -> 3
A41: JOSE MARIA ANDRES BECERRA | B41: 0 | C41: 0 | D41: 1 | E41: 1 | F41: 1 | G41: =SUM(B41:F41) -> 3
A42: ISRAEL HURTADO ARRIBAS | B42: 1 | C42: 1 | D42: 1 | E42: 0 | F42: 0 | G42: =SUM(B42:F42) -> 3
A43: MANUEL CABANA ROBAINA | B43: 0 | C43: 1 | D43: 0 | E43: 1 | F43: 1 | G43: =SUM(B43:F43) -> 3
A44: FRANCISCO JAVIER PASTOR | B44: 1 | C44: 0 | D44: 1 | E44: 0 | F44: 1 | G44: =SUM(B44:F44) -> 3
A45: FRANCISCO JAVIER GARCIA MATA | B45: 0 | C45: 0 | D45: 1 | E45: 1 | F45: 0 | G45: =SUM(B45:F45) -> 2
A46: ROBERTO PADOVANO GONZALEZ | B46: 0 | C46: 1 | D46: 0 | F46: 1
A47: TOTAL | B47: =SUM(B36:B44) -> 4 | C47: =SUM(C36:C44) -> 5 | D47: =SUM(D36:D44) -> 5 | E47: =SUM(E36:E44) -> 5 | F47: =SUM(F36:F44) -> 7 | G47: =SUM(B47:F47) -> 26

Sheet Intervenciones Networking
C2: 44562 | D2: Día | E2: Técnico | F2: Hora Incio | G2: Hora Fin | H2: Id Cambio | I2: Descripción
C3: 1 | D3: Viernes
C4: 2 | D4: Sábado
C5: 3 | D5: Domingo
C6: 4 | D6: Lunes
C7: 5 | D7: Martes
C8: 6 | D8: Miércoles
C9: 7 | D9: Jueves
C10: 8 | D10: Viernes
C11: 9 | D11: Sábado
C12: 10 | D12: Domingo
C13: 11 | D13: Lunes
C14: 12 | D14: Martes
... C33: 31 | D33: Domingo
C36: 44593 | D36: Día | E36: Técnico | F36: Hora | H36: Referencia | I36: Descripción
C37: 1 | D37: Lunes
C38: 2 | D38: Martes
C39: 3 | D39: Miércoles
C40: 4 | D40: Jueves
C41: 4 | D41: Jueves
C42: 5 | D42: Viernes
C43: 6 | D43: Sábado
C44: 7 | D44: Domingo
C45: 8 | D45: Lunes
C46: 9 | D46: Martes
C47: 10 | D47: Miércoles
C48: 11 | D48: Jueves
... C67: 28 | D67: Domingo
C70: 44621 | D70: Día | E70: Técnico | F70: Hora | H70: Referencia | I70: Descripción
C71: 1 | D71: Lunes
C72: 2 | D72: Martes
C73: 3 | D73: Miércoles
C74: 4 | D74: Jueves
C75: 5 | D75: Viernes
C76: 6 | D76: Sábado
C77: 7 | D77: Domingo
C78: 8 | D78: Lunes
C79: 9 | D79: Martes
C80: 10 | D80: Miércoles
C81: 11 | D81: Jueves
C82: 12 | D82: Viernes
... C93: 23 | D93: Martes
C94: 24 | D94: Miércoles | I94: Interconexion VCIX FW SAN VCIX
C95: 25 | D95: Jueves
C96: 26 | D96: Viernes
C97: 27 | D97: Sábado
C98: 28 | D98: Domingo
C99: 29 | D99: Lunes
C100: 30 | D100: Martes
C101: 31 | D101: Miércoles
C104: 44652 | D104: Día | E104: Técnico | F104: Hora | H104: Referencia | I104: Descripción
C105: 1 | D105: Viernes
C106: 2 | D106: Sábado
C107: 3 | D107: Domingo
C108: 4 | D108: Lunes
C109: 5 | D109: Martes
C110: 6 | D110: Miércoles | E110: JMAB | F110: 0.91666667 | H110: CHG000729146 | I110: Nuevo puerto entre Distri Encinar y Distri NNGG + Port monitor Planner: TaskForce Encinar
C111: 7 | D111: Jueves | E111: JMAB | F111: 0.91666667 | H111: CHG000736593 | I111: UMBRELLA ABELIAS
C112: 8 | D112: Viernes
C113: 9 | D113: Sábado
C114: 10 | D114: Domingo
C115: 11 | D115: Lunes
C116: 12 | D116: Martes
C117: 13 | D117: Miércoles
C118: 14 | D118: Jueves
C119: 15 | D119: Viernes
C120: 16 | D120: Sábado
C121: 17 | D121: Domingo
C122: 18 | D122: Lunes | E122: DPM | F122: 0.91666667 | H122: CHG000723874 | I122: Configuración POC FORTI en VCIX
C123: 19 | D123: Martes | E123: JMAB | F123: 0.91666667 | H123: CHG000741261 | I123: CAMBIO FINCA 4 Umbrella
C124: 19 | D124: Martes | E124: DPM | F124: 0.91666667 | H124: CHG000739764 | I124: Configuración SDWAN Intercambiador logístico
C125: 20 | D125: Miércoles | I125: WORKARROUND MERAKI DEHESA PLANTA BAJA
C126: 20 | D126: Miércoles | E126: JMAB | F126: 0.875 | H126: CHG000758157 | I126: Configuracion ruta a VDI CIB Tesoreria
C127: 20 | D127: Miércoles | E127: JMAB | F127: 0.91666667 | H127: CHG000749253 | I127: CENTRO MEDICO configuracion
C128: 20 | D128: Miércoles | E128: JMAB
C129: 20 | D129: Miércoles | E129: JMAB | F129: 0.91666667 | H129: CHG000743644 | I129: LEGENDRE CAMBIO RADIUS
D130: Miércoles
C131: 20 | D131: Miércoles | F131: 0.91666667 | H131: CHG000721804 | I131: Cambio de Protect - Denegcion de trafico entre usuarios e Impresoras
C132: 21 | D132: Jueves
C133: 22 | D133: Viernes
C134: 23 | D134: Sábado
C135: 24 | D135: Domingo
C136: 25 | D136: Lunes | E136: JMAB | F136: 0.91666667 | I136: MERRIMARKIII , Josefa Valcarcel 34
C137: 26 | D137: Martes | E137: JMAB | F137: 0.91666667 | H137: CHG000745003 | I137: LUCA DE TENA | L137: 222
C138: 27 | D138: Miércoles | E138: JMAB | F138: 0.55208333 | H138: CHG000745070 | I138: GDINIA CAMBIO RADIUS
C139: 27 | D139: Miércoles | E139: JMAB | F139: 0.91666667 | H139: CHG000758131 | I139: MIGRACION DNS - DNS1
C140: 28 | D140: Jueves | H140: CHG000750977 | I140: redes de Voz de telefonía HCS de MonitorIzación (EDU)
C141: 28 | D141: Jueves | F141: 0.67708333 | H141: CHG000744900 | I141: WROCLAW CAMBIO RADIUS
C142: 29 | D142: Viernes
C143: 30 | D143: Sábado
C146: 44682 | D146: Día | E146: Técnico | F146: Hora | H146: Referencia | I146: Descripción
C147: 1 | D147: Domingo
C148: 2 | D148: Lunes
C149: 3 | D149: Martes
C150: 4 | D150: Miércoles | E150: DPM | F150: 0.91666667 | H150: CHG000763424 | I150: Configuración SDWAN CPD Este
C151: 5 | D151: Jueves | E151: DPM | F151: 0.91666667 | H151: CHG000763440 | I151: Configuración SDWAN CPD OEste Configuración SDWAN SOLARUCO (EDU)
C152: 5 | D152: Jueves | E152: JMAB | H152: CHG000767127 | I152: MIGRACION DNS - DNS2
C154: 6 | D154: Viernes | E154: JMAB | F154: 0.29166667 | H154: CHG000766587 | I154: .pac sam pasar red /24 to /23
C155: 7 | D155: Sábado
C156: 8 | D156: Domingo
...

Sheet Contactos Genericos
A1: NOMBRE | B1: APELLIDOS | C1: MOVIL | D1: CORREO
A2: Buzon Soporte operativo | B2: Servicio BT 12x5 07:00 h- 19:00 h | C2: 910506075 | D2: ST_ComunicacionesDatos@gruposantander.es
A3: Servicio BT Guardia 24x7 | B3: Servicio BT Guardia 24x7 | C3: 651577705 | D3: ST_ComunicacionesDatos@gruposantander.es
A4: EUT Comunicaciones | B4: EUT Comunicaciones Guardia | C4: 911753531 | D4: comunicacionesrrff@produban.com
A5: DL PRBE COMMS VOZ | B5: EUT Coms Voz Guardia | C5: 665277179 | D5: dlprbecommsvoz@gruposantander.com

Sheet Turnos Servicio Network 2026
A2: M1 | B2: Lunes a Jueves de 7 a 15h | Viernes de 7 a 14h
A3: M2 | B3: Lunes a Jueves de 8 a 17h | Viernes de 8 a 15h
A4: M2 + | B4: Lunes a Jueves de 9 a 18h | Viernes de 8 a 15h
A5: M3 | B5: Lunes a Jueves de 10 a 19h | Viernes de 11 a 19h | El M3 será el que realice las tareas de Guardia
A6: G | B6: Guardia
A7: V | B7: Vacaciones 2024
A8: V | B8: Vacaciones 2025
A9: F | B9: Formación
A10: B | B10: Baja
A11: P | B11: Permiso
B12: Trabajos Fuera de Horas
A14: 2026
B16: ENERO
A17: Nombre del empleado | B17: J | C17: V | D17: S | E17: D | F17: L | G17: M | H17: X | I17: J | J17: V | K17: S | L17: D | M17: L | N17: M | O17: X | P17: J | Q17: V | R17: S | S17: D | T17: L | U17: M | V17: X | W17: J | X17: V | Y17: S | Z17: D | AA17: L | AB17: M | AC17: X | AD17: J | AE17: V | AF17: S
B18: 1 | C18: 2 | D18: 3 | E18: 4 | F18: 5 | G18: 6 | H18: 7 | I18: 8 | J18: 9 | K18: 10 | L18: 11 | M18: 12 | N18: 13 | O18: 14 | P18: 15 | Q18: 16 | R18: 17 | S18: 18 | T18: 19 | U18: 20 | V18: 21 | W18: 22 | X18: 23 | Y18: 24 | Z18: 25 | AA18: 26 | AB18: 27 | AC18: 28 | AD18: 29 | AE18: 30 | AF18: 31 | AH18: L-J | AI18: V | AL18: Total Horas Mes | AQ18: Total Horas Año
A19: Héctor Felipe Gracia | B19: V | C19: V | D19: V | E19: V | F19: V | G19: V | H19: M2 + | I19: M2 + | J19: M2 + | M19: M2 + | N19: M2 + | O19: M2 + | P19: M2 + | Q19: M2 + | T19: M2 + | U19: V | V19: M2 + | W19: M2 + | X19: M2 + | AA19: M2+ Unity ThinClient | AB19: M2 + | AC19: M2 + | AD19: M2 + | AE19: M2 + | AH19: 13 | AI19: 4 | AJ19: =AH19*8 -> 104 | AK19: =AI19*7 -> 28 | AL19: =SUM(AJ19,AK19) -> 132 | AP19: Héctor Felipe Gracia | AQ19: =SUM(AL19,AL31,AL43,AL55,AL67,AL79,AL91,AL103,AL115,AL127,AL139,AL151) -> 1823 | AS19: =SUM(AI19,AI31,AI43,AI55,AI67,AI79,AI115,AI127,AI139,AI151) -> 39 | AU19: 11 | AV19: 12 | AW19: =AV19*8 -> 96
A20: Fernando I Rubio Ferrer | B20: V | C20: V | D20: V | E20: V | F20: V | G20: V | H20: M2 + | I20: M2 + | J20: M2 + | M20: M2 + | N20: M2 + | O20: M2 + Provisión Distris | P20: M2 + Provisión Distris | Q20: M2 + Provisión Distris | R20: M2 + Provisión Distris | T20: M2 + | U20: M2 + Provisión Distris | V20: M2 + | W20: M2 + | X20: M2 + | AA20: M2 + | AB20: M2 + | AC20: M2 + | AD20: M2 + | AE20: M2 + | AH20: 15 | AI20: 4 | AJ20: =AH20*8 -> 120 | AK20: =AI20*7 -> 28 | AL20: =SUM(AJ20,AK20) -> 148 | AP20: Fernando I Rubio Ferrer | AQ20: =SUM(AL20,AL32,AL44,AL56,AL68,AL80,AL92,AL104,AL116,AL128,AL140,AL152) -> 1886 | AS20: =SUM(AI20,AI32,AI44,AI56,AI68,AI80,AI116,AI128,AI140,AI152) -> 38
A21: José Miguel Perea Conde | C21: M2 | F21: M2 | G21: V | H21: V | I21: V | J21: V | K21: V | L21: V | M21: M2 | N21: M2 | O21: M2 Cert. wifiguest | P21: V | Q21: M2 Precarga Upgrd Cisco | R21: Upgrade Cisco | T21: M2 | U21: M2 | V21: M2 | W21: M2 | X21: M2 | AA21: M2 | AB21: M2 | AC21: M2 | AD21: M2 | AE21: V | AF21: V | AH21: 12 | AI21: 3 | AJ21: =AH21*8 -> 96 | AK21: =AI21*7 -> 21 | AL21: =SUM(AJ21,AK21) -> 117 | AP21: José Miguel Perea Conde | AQ21: =SUM(AL21,AL33,AL45,AL57,AL69,AL81,AL93,AL105,AL117,AL129,AL141,AL153) -> 1831 | AS21: =SUM(AI21,AI33,AI45,AI57,AI69,AI81,AI117,AI129,AI141,AI153) -> 37
A22: Fernando II Manuel Langreo González | B22: V | C22: V | D22: V | E22: V | F22: V | G22: V | H22: M2 | I22: M2 | J22: M2 | M22: M2 + | N22: M2 + | O22: M2 + | P22: M2 + | Q22: M2 + | T22: M2 | U22: M2 | V22: M2 | W22: M2 | X22: M2 | Y22: V | Z22: V | AA22: V | AB22: V | AC22: M2 + | AD22: M2 + | AE22: M2 + | AH22: 12 | AI22: 4 | AJ22: =AH22*8 -> 96 | AK22: =AI22*7 -> 28 | AL22: =SUM(AJ22,AK22) -> 124 | AP22: Fernando II Manuel Langreo González | AQ22: =SUM(AL22,AL34,AL46,AL58,AL70,AL82,AL94,AL106,AL118,AL130,AL142,AL154) -> 1877 | AS22: =SUM(AI22,AI34,AI46,AI58,AI70,AI82,AI118,AI130,AI142,AI154) -> 39
A23: Mariano Grillo | C23: M1 | F23: M2 + | H23: M2 + | I23: M2 + | J23: M2+ Precarga Upgrd Cisco | K23: Upgrade Cisco | L23: ´d5 | M23: M3 | N23: M3 | O23: M3 | P23: M3 | Q23: M3 | R23: G | S23: G | T23: M1 Unity ThinClient | U23: M1 Unity ThinClient | V23: M1 | W23: M1 Cambio Tena ESTJ1C10 | X23: M1 | AA23: M1 Cambio ESTJ1C10 Reset ESTJSD10 | AB23: M1 | AC23: M1 | AD23: M1 Unity ThinClient | AE23: M1 | AH23: 15 | AI23: 5 | AJ23: =AH23*8 -> 120 | AK23: =AI23*7 -> 35 | AL23: =SUM(AJ23,AK23) -> 155 | AP23: Mariano Grillo | AQ23: =SUM(AL23,AL35,AL47,AL59,AL71,AL83,AL95,AL107,AL119,AL131,AL143,AL155) -> 1803 | AS23: =SUM(AI23,AI35,AI47,AI59,AI71,AI83,AI119,AI131,AI143,AI155) -> 38
A24: Liviu Lazar | C24: M2 + | F24: M3 | G24: G | H24: M3 | I24: M3 | J24: M3 | K24: G | L24: G | M24: M1 | N24: M1 | O24: M1 | P24: M1 | Q24: M1 | R24: Upgrade WLC JV & Tena | T24: M1 | U24: M1 Descr TSQ 3º4º5 | V24: M1 | W24: M1 | X24: M1 | AA24: V | AB24: V | AC24: V | AD24: M2 + | AE24: M2 + | AH24: 12 | AI24: 5 | AJ24: =AH24*8 -> 96 | AK24: =AI24*7 -> 35 | AL24: =SUM(AJ24,AK24) -> 131 | AP24: Liviu Lazar | AQ24: =SUM(AL24,AL36,AL48,AL60,AL72,AL84,AL96,AL108,AL120,AL132,AL144,AL156) -> 1876 | AS24: =SUM(AI24,AI36,AI48,AI60,AI72,AI84,AI120,AI132,AI144,AI156) -> 40
A25: José Luis II de Juan Mejía | B25: G | C25: M3 | D25: G | E25: G | F25: M1 | H25: M1 | I25: M1 | J25: V | K25: V | L25: V | M25: V | N25: V | O25: V | P25: V | Q25: V | R25: V | S25: V | T25: M2 + | U25: M2 + | V25: M2 + | W25: M2+ Unity ThinClient | X25: M2+ Precarga Upgrd Cisco | Y25: Upgrade Cisco | AA25: M3 | AB25: M3 | AC25: M3 | AD25: M3 | AE25: M3 | AF25: G | AH25: 11 | AI25: 3 | AJ25: =AH25*8 -> 88 | AK25: =AI25*7 -> 21 | AL25: =SUM(AJ25,AK25) -> 109 | AP25: José Luis II de Juan Mejía | AQ25: =SUM(AL25,AL37,AL49,AL61,AL73,AL85,AL97,AL109,AL121,AL133,AL145,AL157) -> 1870 | AS25: =SUM(AI25,AI37,AI49,AI61,AI73,AI85,AI121,AI133,AI145,AI157) -> 38
A26: José Luis I Cartas Velasco | C26: M1 | F26: M1 | H26: M1 | I26: M1 Descrip. Unity | J26: M1 | K26: V | L26: V | M26: V | N26: V | O26: V | P26: V | Q26: V | R26: V | S26: V | T26: M3 | U26: M3 | V26: M3 | W26: M3 | X26: M3 | Y26: G | Z26: G | AA26: M1 | AB26: M1 Unity ThinClient | AC26: M1 Unity ThinClient | AD26: M1 | AE26: M1 | AH26: 11 | AI26: 4 | AJ26: =AH26*8 -> 88 | AK26: =AI26*7 -> 28 | AL26: =SUM(AJ26,AK26) -> 116 | AP26: José Luis I Cartas Velasco | AQ26: =SUM(AL26,AL38,AL50,AL62,AL74,AL86,AL98,AL110,AL122,AL134,AL146,AL158) -> 1784 | AS26: =SUM(AI26,AI38,AI50,AI62,AI74,AI86,AI122,AI134,AI146,AI158) -> 38
B28: FEBRERO
A29: Nombre del empleado | B29: D | C29: L | D29: M | E29: X | F29: J | G29: V | H29: S | I29: D | J29: L | K29: M | L29: X | M29: J | N29: V | O29: S | P29: D | Q29: L | R29: M | S29: X | T29: J | U29: V | V29: S | W29: D | X29: L | Y29: M | Z29: X | AA29: J | AB29: V | AC29: S
B30: 1 | C30: 2 | D30: 3 | E30: 4 | F30: 5 | G30: 6 | H30: 7 | I30: 8 | J30: 9 | K30: 10 | L30: 11 | M30: 12 | N30: 13 | O30: 14 | P30: 15 | Q30: 16 | R30: 17 | S30: 18 | T30: 19 | U30: 20 | V30: 21 | W30: 22 | X30: 23 | Y30: 24 | Z30: 25 | AA30: 26 | AB30: 27 | AC30: 28 | AH30: L-J | AI30: V | AL30: Total Horas Mes
A31: Héctor Felipe Gracia | C31: M2 + | D31: M2 + | E31: M2 + | F31: M2 + | G31: M2 + | J31: M2 + Descrip Unity ports +49 | K31: M2 + | L31: M2+ Unity ThinClients | M31: M2 + | N31: M2 + | Q31: M2 + | R31: M2 + | S31: M2 + | T31: M2 + | U31: M2 + | X31: M2 + | Y31: M2 + | Z31: M2+ Incidencia TSQ | AA31: M2 + | AB31: M2 + | AH31: 16 | AI31: 4 | AJ31: =AH31*8 -> 128 | AK31: =AI31*7 -> 28 | AL31: =SUM(AJ31,AK31) -> 156
A32: Fernando I Rubio Ferrer | C32: M2 + | D32: M2 + | E32: M2 + | F32: M2+ Distri Hotel | G32: M2 + | J32: M2 + | K32: M2 + | L32: M2 + | M32: M2+ Distri C.M Centro Médico | N32: M2 + | Q32: M2 + | R32: M2 + | S32: M2 + | T32: M2 + | U32: M2 + | X32: M2 + | Y32: M2 + | Z32: M2 + | AA32: M2 + | AB32: M2 + | AH32: 16 | AI32: 4 | AJ32: =AH32*8 -> 128 | AK32: =AI32*7 -> 28 | AL32: =SUM(AJ32,AK32) -> 156
A33: José Miguel Perea Conde | B33: V | C33: M2 | D33: M2 | E33: M2 | F33: M2 Torreta Tena | G33: M2 | J33: M2 | K33: M2 APs Abelias | L33: M2 APs Abelias | M33: Cámara Tena | N33: M2 | Q33: M2 | R33: M2 | S33: M2 | T33: M2 | U33: M2 | X33: M2 | Y33: M2 | Z33: M2 | AA33: M2 | AB33: M2 | AH33: 16 | AI33: 4 | AJ33: =AH33*8 -> 128 | AK33: =AI33*7 -> 28 | AL33: =SUM(AJ33,AK33) -> 156
A34: Fernando II Manuel Langreo González | C34: M2 | D34: M2 Clear Counters Unity | E34: M2 | F34: M2 Clave Wifi SB | G34: M2 | J34: M2 + | K34: M2 + | L34: M2 + | M34: M2+ Distri C.M Centro Médico | N34: M2 + | Q34: M2 | R34: M2 | S34: M2 | T34: M2 | U34: M2 | X34: M2 + | Y34: M2 + | Z34: M2 + | AA34: M2 + | AB34: M2 + | AH34: 16 | AI34: 4 | AJ34: =AH34*8 -> 128 | AK34: =AI34*7 -> 28 | AL34: =SUM(AJ34,AK34) -> 156
A35: Mariano Grillo | C35: M2 + | D35: M2 + | E35: M2 + | F35: M2 + | G35: M2 + | J35: M3 | K35: M3 | L35: M3 | M35: M3 | N35: M3 | O35: G | P35: G | Q35: M1 | R35: M1 | S35: M1 | T35: M1 | U35: M1 | X35: M1 | Y35: M1 | Z35: M1 | AA35: M1 Singapur BCP | AB35: M1 | AH35: 16 | AI35: 4 | AJ35: =AH35*8 -> 128 | AK35: =AI35*7 -> 28 | AL35: =SUM(AJ35,AK35) -> 156
A36: Liviu Lazar | C36: M3 | D36: M3 | E36: M3 | F36: M3 | G36: M3 | H36: G | I36: G | J36: M1 | K36: M1 | L36: M1 | M36: M1 | N36: M1 | Q36: M1 | R36: M1 | S36: M1 | T36: M1 ThinClients | U36: M1 | X36: M2 + | Y36: M2 + | Z36: M2 + | AA36: M2 + Singapur BCP | AB36: M2 + | AH36: 16 | AI36: 4 | AJ36: =AH36*8 -> 128 | AK36: =AI36*7 -> 28 | AL36: =SUM(AJ36,AK36) -> 156
A37: José Luis II de Juan Mejía | B37: G | C37: M1 | D37: M1 | E37: M1 | F37: M1 | G37: M1 Precarga Upgrd Cisco | H37: Upgrade Cisco | J37: M1 | K37: M1 Unity ThinClients | L37: M1 APs Abelias | M37: M1 | N37: M1 | Q37: M2+ | R37: M2+ | S37: M2+ | T37: M2+ | U37: M2+ | X37: M3 | Y37: M3 | Z37: M3 | AA37: M3 | AB37: M3 | AC37: G | AH37: 16 | AI37: 4 | AJ37: =AH37*8 -> 128 | AK37: =AI37*7 -> 28 | AL37: =SUM(AJ37,AK37) -> 156
A38: José Luis I Cartas Velasco | C38: M1 | D38: M1 | E38: M1 | F38: M1 | G38: M1 Actual FM / FAna | J38: M2 + | K38: M2 + | L38: M2 + | M38: M2 + | N38: M2+ Precarga Upgrd Cisco | O38: Upgrade Cisco | Q38: M3 | R38: M3 | S38: M3 | T38: M3 | U38: M3 | V38: G | W38: G | X38: M1 | Y38: M1 | Z38: M1 | AA38: M1 | AB38: M1 | AH38: 16 | AI38: 4 | AJ38: =AH38*8 -> 128 | AK38: =AI38*7 -> 28 | AL38: =SUM(AJ38,AK38) -> 156
B40: MARZO
A41: Nombre del empleado | B41: D | C41: L | D41: M | E41: X | F41: J | G41: V | H41: S | I41: D | J41: L | K41: M | L41: X | M41: J | N41: V | O41: S | P41: D | Q41: L | R41: M | S41: X | T41: J | U41: V | V41: S | W41: D | X41: L | Y41: M | Z41: X | AA41: J | AB41: V | AC41: S | AD41: D | AE41: L | AF41: M
B42: 1 | C42: 2 | D42: 3 | E42: 4 | F42: 5 | G42: 6 | H42: 7 | I42: 8 | J42: 9 | K42: 10 | L42: 11 | M42: 12 | N42: 13 | O42: 14 | P42: 15 | Q42: 16 | R42: 17 | S42: 18 | T42: 19 | U42: 20 | V42: 21 | W42: 22 | X42: 23 | Y42: 24 | Z42: 25 | AA42: 26 | AB42: 27 | AC42: 28 | AD42: 29 | AE42: 30 | AF42: 31 | AH42: L-J | AI42: V | AL42: Total Horas
A43: Héctor Felipe Gracia | C43: M2 + | D43: M2 + | E43: M2 + | F43: M2+ BGP Konecta | G43: M2 + | J43: M2 + | K43: M2 + | L43: M2 + | M43: M2 + | N43: M2 + | Q43: M2 + | R43: M2 + | S43: M2 + | T43: M2 + | U43: M2 + | X43: M2 + | Y43: M2 + | Z43: M2 + | AA43: M2 + | AB43: M2 + | AE43: M2 + | AF43: M2 + | AH43: 18 | AI43: 4 | AJ43: =AH43*8 -> 144 | AK43: =AI43*7 -> 28 | AL43: =SUM(AJ43,AK43) -> 172
A44: Fernando I Rubio Ferrer | C44: M2 + | D44: M2 + | E44: M2 + SFP Josefa | F44: M2 + | G44: M2 + | H44: M2+ Distri Intercambiador | J44: M2 + | K44: M2 + | L44: M2 + | M44: M2 + | N44: M2 + | Q44: M2 + | R44: M2 + | S44: M2 + | T44: M2 + | U44: M2 + | X44: M2 + | Y44: M2 + | Z44: M2 + | AA44: M2 + | AB44: M2 + | AE44: V | AF44: V | AH44: 16 | AI44: 4 | AJ44: =AH44*8 -> 128 | AK44: =AI44*7 -> 28 | AL44: =SUM(AJ44,AK44) -> 156
A45: José Miguel Perea Conde | C45: M2 | D45: M2 | E45: M2 | F45: M2 | G45: M2 | J45: M2 | K45: M2 | L45: M2 | M45: M2 | N45: M2 | Q45: V | R45: M2 | S45: M2 | T45: M2 | U45: M2 | X45: M2 | Y45: M2 | Z45: M2 | AA45: M2 | AB45: M2 | AE45: M2 | AF45: M2 | AH45: 17 | AI45: 4 | AJ45: =AH45*8 -> 136 | AK45: =AI45*7 -> 28 | AL45: =SUM(AJ45,AK45) -> 164
A46: Fernando II Manuel Langreo González | C46: M2 | D46: M2 | E46: M2 | F46: M2 | G46: M2 | J46: M2 + | K46: V | L46: M2 + | M46: M2 + | N46: M2 + | Q46: M2 | R46: M2 | S46: M2 | T46: M2 | U46: M2 | X46: M2 + | Y46: M2 + | Z46: M2 + | AA46: M2 + | AB46: M2 + | AE46: M2 | AF46: M2 | AH46: 17 | AI46: 4 | AJ46: =AH46*8 -> 136 | AK46: =AI46*7 -> 28 | AL46: =SUM(AJ46,AK46) -> 164
A47: Mariano Grillo | C47: M2 + | D47: M2 + | E47: M2+ Switch Tena ESTJSD10 | F47: M2 + | G47: M2+ Precarga Upgrd Cisco | H47: Upgrade Cisco | J47: M3 | K47: M3 | L47: M3 | M47: M3 | N47: M3 | O47: G | P47: G | Q47: V | R47: V | S47: V | T47: V | U47: V | V47: V | W47: V | X47: M1 | Y47: M1 | Z47: M1 | AA47: M1 | AB47: M1 | AE47: M2 + | AF47: M2 + | AH47: 14 | AI47: 3 | AJ47: =AH47*8 -> 112 | AK47: =AI47*7 -> 21 | AL47: =SUM(AJ47,AK47) -> 133
A48: Liviu Lazar | C48: M3 | D48: M3 | E48: M3 | F48: M3 | G48: M3 | H48: G | I48: G | J48: M1 | K48: M1 | L48: M1 | M48: M1 Pruebas SNMP | N48: M1 | Q48: M2+ | R48: M1 | S48: M1 | T48: M1 | U48: M1 | X48: M2 + | Y48: M2 + | Z48: M2 + | AA48: M2 + | AB48: M2 + | AE48: M3 | AF48: M3 | AH48: 18 | AI48: 4 | AJ48: =AH48*8 -> 144 | AK48: =AI48*7 -> 28 | AL48: =SUM(AJ48,AK48) -> 172
A49: José Luis II de Juan Mejía | B49: G | C49: M1 | D49: M1 | E49: M1 Switch Tena ESTJSD10 | F49: M1 Singapur Main | G49: M1 | J49: M1 | K49: M1 | L49: M1 Tech TSQ | M49: M1 | N49: M1 | Q49: M1 | R49: M2+ | S49: M2+ | T49: M2+ | U49: M2+ | X49: M3 | Y49: M3 | Z49: M3 | AA49: M3 | AB49: M3 | AC49: G | AD49: G | AE49: M1 | AF49: M1 | AH49: 18 | AI49: 4 | AJ49: =AH49*8 -> 144 | AK49: =AI49*7 -> 28 | AL49: =SUM(AJ49,AK49) -> 172
A50: José Luis I Cartas Velasco | C50: M1 | D50: M1 | E50: M1 SFP Josefa | F50: M1 Singapur Main | G50: M1 | J50: M2 + | K50: M2+ Usuario Local Unity | L50: M2 + | M50: M2 + | N50: M2+ Precarga Upgrd Cisco | O50: Upgrade Cisco | Q50: M3 | R50: M3 | S50: M3 | T50: M3 | U50: M3 | V50: G | W50: G | X50: M1 | Y50: M1 | Z50: M1 | AA50: M1 | AB50: M1 | AE50: V | AF50: V | AH50: 16 | AI50: 4 | AJ50: =AH50*8 -> 128 | AK50: =AI50*7 -> 28 | AL50: =SUM(AJ50,AK50) -> 156
X51: JUNTA
B52: ABRIL
A53: Nombre del empleado | B53: X | C53: J | D53: V | E53: S | F53: D | G53: L | H53: M | I53: X | J53: J | K53: V | L53: S | M53: D | N53: L | O53: M | P53: X | Q53: J | R53: V | S53: S | T53: D | U53: L | V53: M | W53: X | X53: J | Y53: V | Z53: S | AA53: D | AB53: L | AC53: M | AD53: X | AE53: J
B54: 1 | C54: 2 | D54: 3 | E54: 4 | F54: 5 | G54: 6 | H54: 7 | I54: 8 | J54: 9 | K54: 10 | L54: 11 | M54: 12 | N54: 13 | O54: 14 | P54: 15 | Q54: 16 | R54: 17 | S54: 18 | T54: 19 | U54: 20 | V54: 21 | W54: 22 | X54: 23 | Y54: 24 | Z54: 25 | AA54: 26 | AB54: 27 | AC54: 28 | AD54: 29 | AE54: 30 | AH54: L-J | AI54: V | AL54: Total Horas
A55: Héctor Felipe Gracia | B55: M2 + | G55: M2 + | H55: M2 + | I55: M2 + | J55: M2 + | K55: M2 + | N55: M2 + | O55: M2 + | P55: M2 + | Q55: M2 + | R55: M2 + | S55: Flip | T55: Flop | U55: M2 + | V55: M2 + | W55: M2 + | X55: M2 + | Y55: M2 + | AB55: M2 + | AC55: M2 + | AD55: M2 + | AE55: M2 + | AH55: 16 | AI55: 4 | AJ55: =AH55*8 -> 128 | AK55: =AI55*7 -> 28 | AL55: =SUM(AJ55,AK55) -> 156
A56: Fernando I Rubio Ferrer | B56: V | G56: M2 + | H56: M2 + | I56: M2 + | J56: M2 + | K56: M2 + | L56: Distri Solaruco | N56: M2 + | O56: M2 + | P56: M2 + | Q56: M2 + | R56: M2 + | U56: M2 + | V56: M2 + | W56: M2 + | X56: M2 + | Y56: M2 + | AB56: M2 + | AC56: M2 + | AD56: M2 + | AE56: M2 + | AH56: 16 | AI56: 3 | AJ56: =AH56*8 -> 128 | AK56: =AI56*7 -> 21 | AL56: =SUM(AJ56,AK56) -> 149
A57: José Miguel Perea Conde | B57: M2 | G57: B | H57: B | I57: B | J57: B | K57: B | L57: B | M57: B | N57: B | O57: B | P57: B | Q57: B | R57: B | S57: B | T57: B | U57: B | V57: B | W57: B | X57: B | Y57: B | Z57: B | AA57: B | AB57: B | AC57: B | AD57: B | AE57: B | AH57: 16 | AI57: 4 | AJ57: =AH57*8 -> 128 | AK57: =AI57*7 -> 28 | AL57: =SUM(AJ57,AK57) -> 156
A58: Fernando II Manuel Langreo González | B58: M2 | G58: M2 + | H58: M2 + | I58: M2 + | J58: M2 + | K58: M2 + | N58: M2 | O58: M2 | P58: M2 Nodo NAC | Q58: M2 Nodo NAC | R58: M2 | U58: M2 + | V58: P | W58: M2 + | X58: M2 + | Y58: M2 + | AB58: M2 | AC58: M2 | AD58: M2 | AE58: M2 | AH58: 16 | AI58: 4 | AJ58: =AH58*8 -> 128 | AK58: =AI58*7 -> 28 | AL58: =SUM(AJ58,AK58) -> 156
A59: Mariano Grillo | B59: M2 + | G59: M3 | H59: M3 | I59: M3 | J59: M3 | K59: M3 | L59: G | M59: G | N59: M1 | O59: M1 | P59: M1 | Q59: M1 | R59: M1 | U59: M1 | V59: M1 | W59: M1 | X59: M1 | Y59: M1 Precarga Upgrd Cisco | Z59: Upgrade Cisco | AB59: M2 + | AC59: M2 + | AD59: M2 + | AE59: M2 + | AH59: 16 | AI59: 4 | AJ59: =AH59*8 -> 128 | AK59: =AI59*7 -> 28 | AL59: =SUM(AJ59,AK59) -> 156
A60: Liviu Lazar | B60: M3 | C60: G | D60: G | E60: G | F60: G | G60: M1 | H60: V | I60: V | J60: M1 | K60: M1 | L60: Distri Solaruco | N60: M1 | O60: M1 | P60: M1 | Q60: M1 | R60: M1 | U60: M2 + | V60: M2 + | W60: M2 + | X60: M2 + | Y60: M2 + | AB60: M3 | AC60: M3 | AD60: M3 | AE60: M3 | AH60: 14 | AI60: 4 | AJ60: =AH60*8 -> 112 | AK60: =AI60*7 -> 28 | AL60: =SUM(AJ60,AK60) -> 140
A61: José Luis II de Juan Mejía | B61: M1 | G61: M1 | H61: M1 | I61: M1 | J61: M1 | K61: M1 | N61: M2+ | O61: M2+ | P61: M2+ | Q61: M2+ Certificado wificontroler | R61: M2+ | U61: M3 | V61: M3 | W61: M3 | X61: M3 | Y61: M3 | Z61: G | AA61: G | AB61: M1 | AC61: M1 | AD61: M1 | AE61: M1 | AH61: 16 | AI61: 4 | AJ61: =AH61*8 -> 128 | AK61: =AI61*7 -> 28 | AL61: =SUM(AJ61,AK61) -> 156
A62: José Luis I Cartas Velasco | B62: V | G62: M2 + | H62: M2 + | I62: M2 + | J62: M2 + | K62: M2 + | N62: M3 | O62: M3 | P62: M3 | Q62: M3 | R62: M3 | S62: G | T62: G | U62: M1 | V62: M1 | W62: M1 Push Controlers | X62: M1 | Y62: M1 | AB62: M1 | AC62: M1 | AD62: M1 | AE62: M1 | AH62: 16 | AI62: 3 | AJ62: =AH62*8 -> 128 | AK62: =AI62*7 -> 21 | AL62: =SUM(AJ62,AK62) -> 149
B64: MAYO
A65: Nombre del Empleado | B65: V | C65: S | D65: D | E65: L | F65: M | G65: X | H65: J | I65: V | J65: S | K65: D | L65: L | M65: M | N65: X | O65: J | P65: V | Q65: S | R65: D | S65: L | T65: M | U65: X | V65: J | W65: V | X65: S | Y65: D | Z65: L | AA65: M | AB65: X | AC65: J | AD65: V | AE65: S | AF65: D
B66: 1 | C66: 2 | D66: 3 | E66: 4 | F66: 5 | G66: 6 | H66: 7 | I66: 8 | J66: 9 | K66: 10 | L66: 11 | M66: 12 | N66: 13 | O66: 14 | P66: 15 | Q66: 16 | R66: 17 | S66: 18 | T66: 19 | U66: 20 | V66: 21 | W66: 22 | X66: 23 | Y66: 24 | Z66: 25 | AA66: 26 | AB66: 27 | AC66: 28 | AD66: 29 | AE66: 30 | AF66: 31 | AH66: L-J | AI66: V | AL66: Total Horas
A67: Héctor Felipe Gracia | E67: M2 + | F67: M2 + | G67: M2 + | H67: M2 + | I67: M2 + | L67: M2 + | M67: M2 + | N67: M2+ Preparar switch ESTJ3C10 | O67: M2 + | S67: M2+ PreReinicio ESTJ3C10 | T67: M2+ PreReinicio ESTJ3C10 | U67: M2+ CHG002967048 Reinicio ESTJ3C10 | V67: M2 + | W67: M2 + | X67: Distribución Guardería | Z67: M2+ Vlan 780 en SBOA3202 | AA67: SFP Josefa 19:00 | AB67: M2+ Shut Puertos Unity | AC67: M2 + | AD67: M2 + | AH67: 16 | AI67: 3 | AJ67: =AH67*8 -> 128 | AK67: =AI67*7 -> 21 | AL67: =SUM(AJ67,AK67) -> 149
A68: Fernando I Rubio Ferrer | E68: M2 + | F68: M2 + | G68: M2 + | H68: M2 + | I68: M2 + | J68: Distri Guardería | L68: M2 + | M68: M2 + | N68: M2 + | O68: M2 + | S68: M2 + | T68: M2 + | U68: M2 + | V68: M2 + | W68: M2 + | X68: Distribución Guardería | Z68: M2 + | AA68: SFP Josefa 19:00 | AB68: M2 + | AC68: M2 + | AD68: M2 + | AH68: 16 | AI68: 3 | AJ68: =AH68*8 -> 128 | AK68: =AI68*7 -> 21 | AL68: =SUM(AJ68,AK68) -> 149
A69: José Miguel Perea Conde | E69: M2 | F69: M2 | G69: M2 | H69: M2 | I69: M2 | L69: M2 | M69: M2 | N69: M2 | O69: M2 | S69: M2 | T69: M2 | U69: M2 | V69: M2 | W69: M2 | Z69: M2 | AA69: M2 | AB69: M2 | AC69: M2 Certificados | AD69: M2 | AH69: 16 | AI69: 3 | AJ69: =AH69*8 -> 128 | AK69: =AI69*7 -> 21 | AL69: =SUM(AJ69,AK69) -> 149
A70: Fernando II Manuel Langreo González | E70: M2 + | F70: M2 + | G70: M2 + | H70: M2 + | I70: M2 + | L70: M2 | M70: M2 | N70: M2 | O70: M2 | S70: M2 | T70: M2 + | U70: M2 + | V70: M2 + | W70: M2 + | Z70: M2 | AA70: M2 | AB70: M2 | AC70: M2 | AD70: M2 | AH70: 16 | AI70: 3 | AJ70: =AH70*8 -> 128 | AK70: =AI70*7 -> 21 | AL70: =SUM(AJ70,AK70) -> 149
A71: Mariano Grillo | E71: M3 | F71: M3 | G71: M3 | H71: M3 | I71: M3 | J71: G | K71: G | L71: M1 | M71: M1 Preparar switch ESTJ3C10 | N71: M1 Preparar switch ESTJ3C10 | O71: M1 | S71: M1 | T71: M1 | U71: M1 | V71: M1 | W71: M1 Precarga Upgrd Cisco | X71: Upgrade Cisco | Z71: M2 + | AA71: M2 + | AB71: M2 + | AC71: M2 + | AD71: M2 + | AH71: 16 | AI71: 3 | AJ71: =AH71*8 -> 128 | AK71: =AI71*7 -> 21 | AL71: =SUM(AJ71,AK71) -> 149
A72: Liviu Lazar | B72: G | C72: G | D72: G | E72: M1 | F72: M1 | G72: M1 | H72: M1 | I72: M1 | L72: M3 | M72: M3 | N72: M3 | O72: M3 | P72: G | Q72: G | R72: G | S72: M2 + | T72: M2 + | U72: M2 + | V72: M2 + | W72: M2 + | Z72: M1 | AA72: M1 | AB72: M1 | AC72: M1 | AD72: M1 | AH72: 16 | AI72: 3 | AJ72: =AH72*8 -> 128 | AK72: =AI72*7 -> 21 | AL72: =SUM(AJ72,AK72) -> 149
A73: José Luis II de Juan Mejía | E73: M1 | F73: M1 | G73: M1 | H73: M1 | I73: M1 Precarga Upgrd Cisco | J73: Upgrade Cisco | L73: M2+ | M73: M2+ Cierre TSQ | N73: M2+ Torretas TSQ | O73: M2+ | S73: M3 PreReinicio ESTJ3C10 | T73: M3 PreReinicio ESTJ3C10 | U73: M3 CHG002967048 Reinicio ESTJ3C10 | V73: M3 | W73: M3 | X73: G | Y73: G | Z73: M1 | AA73: M1 | AB73: M1 | AC73: M1 | AD73: M1 | AH73: 16 | AI73: 3 | AJ73: =AH73*8 -> 128 | AK73: =AI73*7 -> 21 | AL73: =SUM(AJ73,AK73) -> 149
A74: José Luis I Cartas Velasco | E74: M2 + | F74: M2 + WLCParís CHG002929201 | G74: M2 + | H74: M2 + | I74: M2 + | L74: M1 | M74: M1 WLCParís CHG002949538 | N74: M1 | O74: M1 | S74: M1 | T74: M1 | U74: M1 | V74: M1 | W74: M1 | Z74: M3 | AA74: M3 | AB74: M3 | AC74: M3 | AD74: G | AE74: G | AF74: G | AH74: 16 | AI74: 3 | AJ74: =AH74*8 -> 128 | AK74: =AI74*7 -> 21 | AL74: =SUM(AJ74,AK74) -> 149
B76: JUNIO
A77: Nombre del empleado | B77: L | C77: M | D77: X | E77: J | F77: V | G77: S | H77: D | I77: L | J77: M | K77: X | L77: J | M77: V | N77: S | O77: D | P77: L | Q77: M | R77: X | S77: J | T77: V | U77: S | V77: D | W77: L | X77: M | Y77: X | Z77: J | AA77: V | AB77: S | AC77: D | AD77: L | AE77: M
B78: 1 | C78: 2 | D78: 3 | E78: 4 | F78: 5 | G78: 6 | H78: 7 | I78: 8 | J78: 9 | K78: 10 | L78: 11 | M78: 12 | N78: 13 | O78: 14 | P78: 15 | Q78: 16 | R78: 17 | S78: 18 | T78: 19 | U78: 20 | V78: 21 | W78: 22 | X78: 23 | Y78: 24 | Z78: 25 | AA78: 26 | AB78: 27 | AC78: 28 | AD78: 29 | AE78: 30 | AH78: L-J | AI78: V | AL78: Total Horas
A79: Héctor Felipe Gracia | B79: M2 + | C79: M2 + | D79: M2 + | E79: M2 + | F79: M2 + | I79: M2 + | J79: M2 + | K79: M2 + | L79: M2 + | M79: M2 + | P79: M2 + | Q79: M2 + | R79: M2 + | S79: M2 + | T79: M2 + | W79: M2 + | X79: M2 + | Y79: M2 + | Z79: M2 + | AA79: V | AB79: V | AC79: V | AD79: M2 + | AE79: M2 + | AH79: 18 | AI79: 4 | AJ79: =AH79*8 -> 144 | AK79: =AI79*7 -> 28 | AL79: =SUM(AJ79,AK79) -> 172
A80: Fernando I Rubio Ferrer | B80: M2 + | C80: M2 + | D80: M2 + | E80: M2 + | F80: M2 + | I80: M2 + | J80: M2 + | K80: M2 + | L80: M2 + | M80: M2 + | P80: M2 + | Q80: M2 + | R80: M2 + | S80: M2 + | T80: M2 + | W80: M2 + | X80: M2 + | Y80: M2 + | Z80: M2 + | AA80: M2 + | AD80: M2 + | AE80: M2 + | AH80: 18 | AI80: 4 | AJ80: =AH80*8 -> 144 | AK80: =AI80*7 -> 28 | AL80: =SUM(AJ80,AK80) -> 172
A81: José Miguel Perea Conde | B81: M2 | C81: M2 | D81: M2 | E81: M2 | F81: M2 | I81: V | J81: V | K81: V | L81: V | M81: V | N81: V | O81: V | P81: M2 | Q81: M2 | R81: M2 | S81: M2 | T81: M2 Precarga Upgrd Cisco | U81: Upgrade Cisco | W81: M2 | X81: M2 | Y81: M2 | Z81: M2 | AA81: M2 | AD81: M2 | AE81: M2 | AH81: 14 | AI81: 3 | AJ81: =AH81*8 -> 112 | AK81: =AI81*7 -> 21 | AL81: =SUM(AJ81,AK81) -> 133
A82: Fernando II Manuel Langreo González | B82: M2 + | C82: M2 + | D82: M2 + | E82: M2 + | F82: M2 + | I82: M2 | J82: M2 | K82: M2 | L82: M2 | M82: M2 | P82: M2 + | Q82: M2 + | R82: M2 + | S82: M2 + | T82: M2 + | W82: M2 | X82: M2 | Y82: M2 | Z82: M2 | AA82: M2 | AD82: M2 + | AE82: M2 + | AH82: 18 | AI82: 4 | AJ82: =AH82*8 -> 144 | AK82: =AI82*7 -> 28 | AL82: =SUM(AJ82,AK82) -> 172
A83: Mariano Grillo | B83: M3 | C83: M3 | D83: M3 | E83: M3 | F83: M3 | G83: G | H83: G | I83: V | J83: V | K83: V | L83: V | M83: V | N83: V | O83: V | P83: M1 | Q83: M1 | R83: M1 | S83: M1 | T83: M1 | W83: M3 | X83: M3 | Y83: M3 | Z83: M3 | AA83: M3 | AB83: G | AC83: G | AD83: M3 | AE83: M3 | AH83: 14 | AI83: 3 | AJ83: =AH83*8 -> 112 | AK83: =AI83*7 -> 21 | AL83: =SUM(AJ83,AK83) -> 133
A84: Liviu Lazar | B84: M1 | C84: M1 | D84: M1 | E84: M1 | F84: M1 | I84: M1 | J84: M1 | K84: M1 | L84: M1 | M84: M1 | P84: P | Q84: P | R84: P | S84: P | T84: P | U84: P | V84: P | W84: P | X84: P | Y84: P | Z84: P | AA84: P | AB84: P | AC84: P | AD84: M1 | AE84: M1 | AH84: 18 | AI84: 4 | AJ84: =AH84*8 -> 144 | AK84: =AI84*7 -> 28 | AL84: =SUM(AJ84,AK84) -> 172
A85: José Luis II de Juan Mejía | B85: M1 | C85: M1 | D85: M1 | E85: M1 | F85: M1 | I85: M1 | J85: M1 | K85: M1 | L85: M1 | M85: M1 | P85: M3 | Q85: M3 | R85: M3 | S85: M3 | T85: M3 | U85: G | V85: G | W85: M1 | X85: M1 | Y85: M1 | Z85: M1 | AA85: M1 | AD85: M1 | AE85: M1 | AH85: 18 | AI85: 4 | AJ85: =AH85*8 -> 144 | AK85: =AI85*7 -> 28 | AL85: =SUM(AJ85,AK85) -> 172
A86: José Luis I Cartas Velasco | B86: M2 + | C86: M2 + | D86: M2 + | E86: M2 + | F86: M2+ Precarga Upgrd Cisco | G86: Upgrade Cisco | I86: M3 | J86: M3 | K86: M3 | L86: M3 | M86: M3 | N86: G | O86: G | P86: M1 | Q86: M1 | R86: M1 | S86: M1 | T86: M1 | W86: M1 | X86: M1 | Y86: M1 | Z86: M1 | AA86: M1 | AD86: M2 + | AE86: M2 + | AH86: 18 | AI86: 4 | AJ86: =AH86*8 -> 144 | AK86: =AI86*7 -> 28 | AL86: =SUM(AJ86,AK86) -> 172
B88: JULIO
A89: Nombre del empleado | B89: X | C89: J | D89: V | E89: S | F89: D | G89: L | H89: M | I89: X | J89: J | K89: V | L89: S | M89: D | N89: L | O89: M | P89: X | Q89: J | R89: V | S89: S | T89: D | U89: L | V89: M | W89: X | X89: J | Y89: V | Z89: S | AA89: D | AB89: L | AC89: M | AD89: X | AE89: J | AF89: V
B90: 1 | C90: 2 | D90: 3 | E90: 4 | F90: 5 | G90: 6 | H90: 7 | I90: 8 | J90: 9 | K90: 10 | L90: 11 | M90: 12 | N90: 13 | O90: 14 | P90: 15 | Q90: 16 | R90: 17 | S90: 18 | T90: 19 | U90: 20 | V90: 21 | W90: 22 | X90: 23 | Y90: 24 | Z90: 25 | AA90: 26 | AB90: 27 | AC90: 28 | AD90: 29 | AE90: 30 | AF90: 31 | AH90: L-J | AI90: V | AL90: Total Horas
A91: Héctor Felipe Gracia | B91: M2 | C91: M2 | D91: M2 | G91: M2 | H91: M2 | I91: M2 | J91: M2 | K91: M2 | N91: M2 | O91: M2 | P91: M2 | Q91: M2 | R91: M2 | U91: M2 | V91: M2 | W91: M2 | X91: M2 | Y91: M2 | AB91: M2 | AC91: M2 | AD91: M2 | AE91: M2 | AF91: M2 | AH91: 18 | AI91: 5 | AJ91: =AH91*7 -> 126 | AK91: =AI91*7 -> 35 | AL91: =SUM(AJ91,AK91) -> 161
A92: Fernando I Rubio Ferrer | B92: M2 + | C92: M2 + | D92: M2 + | G92: M2 + | H92: M2 + | I92: M2 + | J92: M2 + | K92: M2 + | N92: M2 + | O92: M2 + | P92: M2 + | Q92: M2 + | R92: M2 + | U92: M2 + | V92: M2 + | W92: M2 + | X92: M2 + | Y92: M2 + | AB92: M2 + | AC92: M2 + | AD92: M2 + | AE92: M2 + | AF92: M2 + | AH92: 18 | AI92: 5 | AJ92: =AH92*7 -> 126 | AK92: =AI92*7 -> 35 | AL92: =SUM(AJ92,AK92) -> 161
A93: José Miguel Perea Conde | B93: M2 | C93: M2 | D93: M2 | G93: V | H93: V | I93: V | J93: V | K93: V | L93: V | M93: V | N93: V | O93: V | P93: V | Q93: V | R93: V | S93: V | T93: V | U93: M2 | V93: M2 | W93: M2 | X93: M2 | Y93: M2 | AB93: M2 | AC93: M2 | AD93: M2 | AE93: M2 | AF93: M2 | AH93: 18 | AI93: 5 | AJ93: =AH93*7 -> 126 | AK93: =AI93*7 -> 35 | AL93: =SUM(AJ93,AK93) -> 161
A94: Fernando II Manuel Langreo González | B94: M2 | C94: M2 | D94: M2 | G94: M2 | H94: M2 | I94: M2 | J94: M2 | K94: M2 | N94: M2 | O94: M2 | P94: M2 | Q94: M2 | R94: M2 | U94: M2 | V94: M2 | W94: M2 | X94: M2 | Y94: M2 | AB94: M2 | AC94: M2 | AD94: M2 | AE94: M2 | AF94: M2 | AH94: 18 | AI94: 5 | AJ94: =AH94*7 -> 126 | AK94: =AI94*7 -> 35 | AL94: =SUM(AJ94,AK94) -> 161
A95: Mariano Grillo | B95: M3 | C95: M3 | D95: M3 | E95: G | F95: G | G95: M1 | H95: M1 | I95: M1 | J95: M1 | K95: M1 | N95: M1 | O95: M1 | P95: M1 | Q95: M1 | R95: M1 | U95: M2 | V95: M2 | W95: M2 | X95: M2 | Y95: M2 | AB95: M3 | AC95: M3 | AD95: M3 | AE95: M3 | AF95: M3 | AH95: 18 | AI95: 5 | AJ95: =AH95*7 -> 126 | AK95: =AI95*7 -> 35 | AL95: =SUM(AJ95,AK95) -> 161
A96: Liviu Lazar | B96: M1 | C96: M1 | D96: M1 | G96: M1 | H96: M1 | I96: M1 | J96: M1 | K96: M1 | N96: M2 | O96: M2 | P96: M2 | Q96: M2 | R96: M2 | U96: M3 | V96: M3 | W96: M3 | X96: M3 | Y96: M3 | Z96: G | AA96: G | AB96: M1 | AC96: M1 | AD96: M1 | AE96: M1 | AF96: M1 | AH96: 18 | AI96: 5 | AJ96: =AH96*7 -> 126 | AK96: =AI96*7 -> 35 | AL96: =SUM(AJ96,AK96) -> 161
A97: José Luis II de Juan Mejía | B97: M1 | C97: M1 | D97: M1 | G97: M2 | H97: M2 | I97: M2 | J97: M2 | K97: M2 | N97: M3 | O97: M3 | P97: M3 | Q97: M3 | R97: M3 | S97: G | T97: G | U97: M1 | V97: M1 | W97: M1 | X97: M1 | Y97: M1 | AB97: M1 | AC97: M1 | AD97: M1 | AE97: M1 | AF97: M1 | AH97: 18 | AI97: 5 | AJ97: =AH97*7 -> 126 | AK97: =AI97*7 -> 35 | AL97: =SUM(AJ97,AK97) -> 161
A98: José Luis I Cartas Velasco | B98: M2 | C98: M2 | D98: M2 | G98: M3 | H98: M3 | I98: M3 | J98: M3 | K98: M3 | L98: G | M98: G | N98: M1 | O98: M1 | P98: M1 | Q98: M1 | R98: M1 | U98: M1 | V98: M1 | W98: M1 | X98: M1 | Y98: M1 | AB98: M2 | AC98: M2 | AD98: M2 | AE98: M2 | AF98: M2 | AH98: 18 | AI98: 5 | AJ98: =AH98*7 -> 126 | AK98: =AI98*7 -> 35 | AL98: =SUM(AJ98,AK98) -> 161
D99: Precarga Upgrd Cisco | E99: Upgrade Cisco | R99: Precarga Upgrd Cisco | S99: Upgrade Cisco
B100: AGOSTO
A101: Nombre del empleado | B101: S | C101: D | D101: L | E101: M | F101: X | G101: J | H101: V | I101: S | J101: D | K101: L | L101: M | M101: X | N101: J | O101: V | P101: S | Q101: D | R101: L | S101: M | T101: X | U101: J | V101: V | W101: S | X101: D | Y101: L | Z101: M | AA101: X | AB101: J | AC101: V | AD101: S | AE101: D | AF101: L
B102: 1 | C102: 2 | D102: 3 | E102: 4 | F102: 5 | G102: 6 | H102: 7 | I102: 8 | J102: 9 | K102: 10 | L102: 11 | M102: 12 | N102: 13 | O102: 14 | P102: 15 | Q102: 16 | R102: 17 | S102: 18 | T102: 19 | U102: 20 | V102: 21 | W102: 22 | X102: 23 | Y102: 24 | Z102: 25 | AA102: 26 | AB102: 27 | AC102: 28 | AD102: 29 | AE102: 30 | AF102: 31 | AH102: L-J | AI102: V | AL102: Total Horas
A103: Héctor Felipe Gracia | D103: M2 | E103: M2 | F103: M2 | G103: M2 | H103: M2 | K103: V | L103: V | M103: V | N103: V | O103: V | P103: V | Q103: V | R103: V | S103: V | T103: V | U103: V | V103: V | W103: V | X103: V | Y103: M2 | Z103: M2 | AA103: M2 | AB103: M2 | AC103: M2 | AF103: V | AH103: 9 | AI103: 2 | AJ103: =AH103*7 -> 63 | AK103: =AI103*7 -> 14 | AL103: =SUM(AJ103,AK103) -> 77
A104: Fernando I Rubio Ferrer | D104: M2 + | E104: M2 + | F104: M2 + | G104: M2 + | H104: M2 + | K104: M2 + | L104: M2 + | M104: M2 + | N104: M2 + | O104: M2 + | R104: M2 + | S104: M2 + | T104: M2 + | U104: M2 + | V104: M2 + | Y104: M2 + | Z104: M2 + | AA104: M2 + | AB104: M2 + | AC104: M2 + | AF104: M2 + | AH104: 17 | AI104: 4 | AJ104: =AH104*7 -> 119 | AK104: =AI104*7 -> 28 | AL104: =SUM(AJ104,AK104) -> 147
A105: José Miguel Perea Conde | D105: M2 | E105: M2 | F105: M2 | G105: M2 | H105: M2 | K105: M2 | L105: M2 | M105: M2 | N105: M2 | O105: M2 | R105: M2 | S105: M2 | T105: M2 | U105: M2 | V105: M2 | Y105: M2 | Z105: M2 | AA105: M2 | AB105: M2 | AC105: M2 | AF105: M2 | AH105: 17 | AI105: 4 | AJ105: =AH105*7 -> 119 | AK105: =AI105*7 -> 28 | AL105: =SUM(AJ105,AK105) -> 147
A106: Fernando II Manuel Langreo González | D106: M2 | E106: M2 | F106: M2 | G106: M2 | H106: M2 | K106: M2 | L106: M2 | M106: M2 | N106: M2 | O106: M2 | R106: M2 | S106: M2 | T106: M2 | U106: M2 | V106: M2 | Y106: M2 | Z106: M2 | AA106: M2 | AB106: M2 | AC106: M2 | AF106: M2 | AH106: 17 | AI106: 4 | AJ106: =AH106*7 -> 119 | AK106: =AI106*7 -> 28 | AL106: =SUM(AJ106,AK106) -> 147
A107: Mariano Grillo | B107: G | C107: G | D107: M1 | E107: M1 | F107: M1 | G107: M1 | H107: M1 | K107: M1 | L107: M1 | M107: M1 | N107: M1 | O107: M1 | R107: V | S107: V | T107: V | U107: V | V107: V | W107: V | X107: V | Y107: M3 | Z107: M3 | AA107: M3 | AB107: M3 | AC107: M3 | AD107: G | AE107: G | AF107: M1 | AH107: 13 | AI107: 3 | AJ107: =AH107*7 -> 91 | AK107: =AI107*7 -> 21 | AL107: =SUM(AJ107,AK107) -> 112
A108: Liviu Lazar | D108: M1 | E108: M1 | F108: M1 | G108: M1 | H108: M1 | K108: M2 | L108: M2 | M108: M2 | N108: M2 | O108: M2 | R108: M3 | S108: M3 | T108: M3 | U108: M3 | V108: M3 | W108: G | X108: G | Y108: M1 | Z108: M1 | AA108: M1 | AB108: M1 | AC108: M1 | AF108: M1 | AH108: 17 | AI108: 4 | AJ108: =AH108*7 -> 119 | AK108: =AI108*7 -> 28 | AL108: =SUM(AJ108,AK108) -> 147
...

Sheet Vacaciones Servicio
C2: M1 | D2: 07-15:00 | F2: 07-14:00
C3: M2 | D3: 08-17:00 | F3: 08-15:00
C4: M2+ | D4: 09-18:00 | F4: 10-18:00
C5: M3 | D5: 10-19:00 | E5: Guardia | F5: 11-19:00
B7: JUNIO
A8: Nombre del empleado | B8: L | C8: M | D8: X | E8: J | F8: V | G8: S | H8: D | I8: L | J8: M | K8: X | L8: J | M8: V | N8: S | O8: D | P8: L | Q8: M | R8: X | S8: J | T8: V | U8: S | V8: D | W8: L | X8: M | Y8: X | Z8: J | AA8: V | AB8: S | AC8: D | AD8: L | AE8: M
B9: 1 | C9: 2 | D9: 3 | E9: 4 | F9: 5 | G9: 6 | H9: 7 | I9: 8 | J9: 9 | K9: 10 | L9: 11 | M9: 12 | N9: 13 | O9: 14 | P9: 15 | Q9: 16 | R9: 17 | S9: 18 | T9: 19 | U9: 20 | V9: 21 | W9: 22 | X9: 23 | Y9: 24 | Z9: 25 | AA9: 26 | AB9: 27 | AC9: 28 | AD9: 29 | AE9: 30
A10: Héctor Felipe Gracia | B10: M2 + | C10: M2 + | D10: M2 + | E10: M2 + | F10: M2 + | I10: M2 + | J10: M2 + | K10: M2 + | L10: M2 + | M10: M2 + | P10: M2 + | Q10: M2 + | R10: M2 + | S10: M2 + | T10: M2 + | W10: M2 + | X10: M2 + | Y10: M2 + | Z10: M2 + | AA10: M2 + | AD10: M2 + | AE10: M2 +
A11: Fernando I Rubio Ferrer | B11: M2 + | C11: M2 + | D11: M2 + | E11: M2 + | F11: M2 + | I11: M2 + | J11: M2 + | K11: M2 + | L11: M2 + | M11: M2 + | P11: M2 + | Q11: M2 + | R11: M2 + | S11: M2 + | T11: M2 + | W11: M2 + | X11: M2 + | Y11: M2 + | Z11: M2 + | AA11: M2 + | AD11: M2 + | AE11: M2 +
A12: José Miguel Perea Conde | B12: M2 | C12: M2 | D12: M2 | E12: M2 | F12: M2 | I12: V | J12: V | K12: V | L12: V | M12: V | N12: V | O12: V | P12: M2 | Q12: M2 | R12: M2 | S12: M2 | T12: M2 | W12: M2 | X12: M2 | Y12: M2 | Z12: M2 | AA12: M2 | AD12: M2 | AE12: M2
A13: Fernando II Manuel Langreo González | B13: M2 + | C13: M2 + | D13: M2 + | E13: M2 + | F13: M2 + | I13: M2 | J13: M2 | K13: M2 | L13: M2 | M13: M2 | P13: M2 + | Q13: M2 + | R13: M2 + | S13: M2 + | T13: M2 + | W13: M2 | X13: M2 | Y13: M2 | Z13: M2 | AA13: M2 | AD13: M2 + | AE13: M2 +
A14: Mariano Grillo | B14: M3 | C14: M3 | D14: M3 | E14: M3 | F14: M3 | G14: G | H14: G | I14: V | J14: V | K14: V | L14: V | M14: V | N14: V | O14: V | P14: M1 | Q14: M1 | R14: M1 | S14: M1 | T14: M1 | W14: M3 | X14: M3 | Y14: M3 | Z14: M3 | AA14: M3 | AB14: G | AC14: G | AD14: M3 | AE14: M3
A15: Liviu Lazar | B15: B | C15: B | D15: B | E15: B | F15: B | G15: B | H15: B | I15: B | J15: B | K15: B | L15: B | M15: B | N15: B | O15: B | P15: B | Q15: B | R15: B | S15: B | T15: B | U15: B | V15: B | W15: B | X15: B | Y15: B | Z15: B | AA15: B | AB15: B | AC15: B | AD15: M1 | AE15: M1
A16: José Luis II de Juan Mejía | B16: M1 | C16: M1 | D16: M1 | E16: M1 | F16: M1 | I16: M1 | J16: M1 | K16: M1 | L16: M1 | M16: M1 | P16: M3 | Q16: M3 | R16: M3 | S16: M3 | T16: M3 | U16: G | V16: G | W16: M1 | X16: M1 | Y16: M1 | Z16: M1 | AA16: M1 | AD16: M1 | AE16: M1
A17: José Luis I Cartas Velasco | B17: M2 + | C17: M2 + | D17: M2 + | E17: M2 + | F17: M2 + | I17: M3 | J17: M3 | K17: M3 | L17: M3 | M17: M3 | N17: G | O17: G | P17: M1 | Q17: M1 | R17: M1 | S17: M1 | T17: M1 | W17: M1 | X17: M1 | Y17: M1 | Z17: M1 | AA17: M1 | AD17: M2 + | AE17: M2 +
B19: JULIO
A20: Nombre del empleado | B20: X | C20: J | D20: V | E20: S | F20: D | G20: L | H20: M | I20: X | J20: J | K20: V | L20: S | M20: D | N20: L | O20: M | P20: X | Q20: J | R20: V | S20: S | T20: D | U20: L | V20: M | W20: X | X20: J | Y20: V | Z20: S | AA20: D | AB20: L | AC20: M | AD20: X | AE20: J | AF20: V
B21: 1 | C21: 2 | D21: 3 | E21: 4 | F21: 5 | G21: 6 | H21: 7 | I21: 8 | J21: 9 | K21: 10 | L21: 11 | M21: 12 | N21: 13 | O21: 14 | P21: 15 | Q21: 16 | R21: 17 | S21: 18 | T21: 19 | U21: 20 | V21: 21 | W21: 22 | X21: 23 | Y21: 24 | Z21: 25 | AA21: 26 | AB21: 27 | AC21: 28 | AD21: 29 | AE21: 30 | AF21: 31
A22: Héctor Felipe Gracia | B22: M2 | C22: M2 | D22: M2 | G22: M2 | H22: M2 | I22: M2 | J22: M2 | K22: M2 | N22: M2 | O22: M2 | P22: M2 | Q22: M2 | R22: M2 | U22: M2 | V22: M2 | W22: M2 | X22: M2 | Y22: M2 | AB22: M2 | AC22: M2 | AD22: M2 | AE22: M2 | AF22: M2
A23: Fernando I Rubio Ferrer | B23: M2 + | C23: M2 + | D23: M2 + | G23: M2 + | H23: M2 + | I23: M2 + | J23: M2 + | K23: M2 + | N23: M2 + | O23: M2 + | P23: M2 + | Q23: M2 + | R23: M2 + | U23: M2 + | V23: M2 + | W23: M2 + | X23: M2 + | Y23: M2 + | AB23: M2 + | AC23: M2 + | AD23: M2 + | AE23: M2 + | AF23: M2 +
A24: José Miguel Perea Conde | B24: M2 | C24: M2 | D24: M2 | G24: M2 | H24: M2 | I24: M2 | J24: M2 | K24: M2 | L24: f5 | N24: M2 | O24: M2 | P24: M2 | Q24: M2 | R24: M2 | U24: M2 | V24: M2 | W24: M2 | X24: M2 | Y24: M2 | AB24: M2 | AC24: M2 | AD24: M2 | AE24: M2 | AF24: M2
A25: Fernando II Manuel Langreo González | B25: M2 | C25: M2 | D25: M2 | G25: M2 | H25: M2 | I25: M2 | J25: M2 | K25: M2 | N25: M2 | O25: M2 | P25: M2 | Q25: M2 | R25: M2 | U25: M2 | V25: M2 | W25: M2 | X25: M2 | Y25: M2 | AB25: M2 | AC25: M2 | AD25: M2 | AE25: M2 | AF25: M2
A26: Mariano Grillo | B26: M3 | C26: M3 | D26: M3 | E26: G | F26: G | G26: M1 | H26: M1 | I26: M1 | J26: M1 | K26: M1 | N26: M1 | O26: M1 | P26: M1 | Q26: M1 | R26: M1 | U26: M2 | V26: M2 | W26: M2 | X26: M2 | Y26: M2 | AB26: M3 | AC26: M3 | AD26: M3 | AE26: M3 | AF26: M3
A27: Liviu Lazar | B27: M1 | C27: M1 | D27: M1 | G27: M1 | H27: M1 | I27: M1 | J27: M1 | K27: M1 | N27: M2 | O27: M2 | P27: M2 | Q27: M2 | R27: M2 | U27: M3 | V27: M3 | W27: M3 | X27: M3 | Y27: M3 | Z27: G | AA27: G | AB27: M1 | AC27: M1 | AD27: M1 | AE27: M1 | AF27: M1
A28: José Luis II de Juan Mejía | B28: M1 | C28: M1 | D28: M1 | G28: M2 | H28: M2 | I28: M2 | J28: M2 | K28: M2 | N28: M3 | O28: M3 | P28: M3 | Q28: M3 | R28: M3 | S28: G | T28: G | U28: M1 | V28: M1 | W28: M1 | X28: M1 | Y28: M1 | AB28: M1 | AC28: M1 | AD28: M1 | AE28: M1 | AF28: M1
A29: José Luis I Cartas Velasco | B29: M2 | C29: M2 | D29: M2 | G29: M3 | H29: M3 | I29: M3 | J29: M3 | K29: M3 | L29: G | M29: G | N29: M1 | O29: M1 | P29: M1 | Q29: M1 | R29: M1 | U29: M1 | V29: M1 | W29: M1 | X29: M1 | Y29: M1 | AB29: M2 | AC29: M2 | AD29: M2 | AE29: M2 | AF29: M2
B31: AGOSTO
A32: Nombre del empleado | B32: S | C32: D | D32: L | E32: M | F32: X | G32: J | H32: V | I32: S | J32: D | K32: L | L32: M | M32: X | N32: J | O32: V | P32: S | Q32: D | R32: L | S32: M | T32: X | U32: J | V32: V | W32: S | X32: D | Y32: L | Z32: M | AA32: X | AB32: J | AC32: V | AD32: S | AE32: D | AF32: L
B33: 1 | C33: 2 | D33: 3 | E33: 4 | F33: 5 | G33: 6 | H33: 7 | I33: 8 | J33: 9 | K33: 10 | L33: 11 | M33: 12 | N33: 13 | O33: 14 | P33: 15 | Q33: 16 | R33: 17 | S33: 18 | T33: 19 | U33: 20 | V33: 21 | W33: 22 | X33: 23 | Y33: 24 | Z33: 25 | AA33: 26 | AB33: 27 | AC33: 28 | AD33: 29 | AE33: 30 | AF33: 31
A34: Héctor Felipe Gracia | D34: M2 | E34: M2 | F34: M2 | G34: M2 | H34: M2 | K34: V | L34: V | M34: V | N34: V | O34: V | P34: V | Q34: V | R34: V | S34: V | T34: V | U34: V | V34: V | W34: V | X34: V | Y34: M2 | Z34: M2 | AA34: M2 | AB34: M2 | AC34: M2 | AF34: M2
A35: Fernando I Rubio Ferrer | D35: M2 + | E35: M2 + | F35: M2 + | G35: M2 + | H35: M2 + | K35: M2 + | L35: M2 + | M35: M2 + | N35: M2 + | O35: M2 + | R35: M2 + | S35: M2 + | T35: M2 + | U35: M2 + | V35: M2 + | Y35: M2 + | Z35: M2 + | AA35: M2 + | AB35: M2 + | AC35: M2 + | AF35: M2 +
A36: José Miguel Perea Conde | D36: M2 | E36: M2 | F36: M2 | G36: M2 | H36: M2 | K36: M2 | L36: M2 | M36: M2 | N36: M2 | O36: M2 | R36: M2 | S36: M2 | T36: M2 | U36: M2 | V36: M2 | Y36: M2 | Z36: M2 | AA36: M2 | AB36: M2 | AC36: M2 | AF36: M2
A37: Fernando II Manuel Langreo González | D37: M2 | E37: M2 | F37: M2 | G37: M2 | H37: M2 | K37: M2 | L37: M2 | M37: M2 | N37: M2 | O37: M2 | R37: M2 | S37: M2 | T37: M2 | U37: M2 | V37: M2 | Y37: M2 | Z37: M2 | AA37: M2 | AB37: M2 | AC37: M2 | AF37: M2
A38: Mariano Grillo | B38: G | C38: G | D38: M1 | E38: M1 | F38: M1 | G38: M1 | H38: M1 | K38: M1 | L38: M1 | M38: M1 | N38: M1 | O38: M1 | R38: V | S38: V | T38: V | U38: V | V38: V | W38: V | X38: V | Y38: M3 | Z38: M3 | AA38: M3 | AB38: M3 | AC38: M3 | AD38: G | AE38: G | AF38: M1
A39: Liviu Lazar | D39: M1 | E39: M1 | F39: M1 | G39: M1 | H39: M1 | K39: M2 | L39: M2 | M39: M2 | N39: M2 | O39: M2 | R39: M3 | S39: M3 | T39: M3 | U39: M3 | V39: M3 | W39: G | X39: G | Y39: M1 | Z39: M1 | AA39: M1 | AB39: M1 | AC39: M1 | AF39: M1
A40: José Luis II de Juan Mejía | D40: M2 | E40: M2 | F40: M2 | G40: M2 | H40: M2 | K40: M3 | L40: M3 | M40: M3 | N40: M3 | O40: M3 | P40: G | Q40: G | R40: M1 | S40: M1 | T40: M1 | U40: M1 | V40: M1 | Y40: M1 | Z40: M1 | AA40: M1 | AB40: M1 | AC40: M1 | AF40: M2
A41: José Luis I Cartas Velasco | D41: M3 | E41: M3 | F41: M3 | G41: M3 | H41: M3 | I41: G | J41: G | K41: M1 | L41: M1 | M41: M1 | N41: M1 | O41: M1 | R41: V | S41: V | T41: V | U41: V | V41: V | W41: V | X41: V | Y41: V | Z41: V | AA41: V | AB41: V | AC41: V | AD41: V | AE41: V | AF41: M3
B43: SEPTIEMBRE
A44: Nombre del empleado | B44: M | C44: X | D44: J | E44: V | F44: S | G44: D | H44: L | I44: M | J44: X | K44: J | L44: V | M44: S | N44: D | O44: L | P44: M | Q44: X | R44: J | S44: V | T44: S | U44: D | V44: L | W44: M | X44: X | Y44: J | Z44: V | AA44: S | AB44: D | AC44: L | AD44: M | AE44: X
B45: 1 | C45: 2 | D45: 3 | E45: 4 | F45: 5 | G45: 6 | H45: 7 | I45: 8 | J45: 9 | K45: 10 | L45: 11 | M45: 12 | N45: 13 | O45: 14 | P45: 15 | Q45: 16 | R45: 17 | S45: 18 | T45: 19 | U45: 20 | V45: 21 | W45: 22 | X45: 23 | Y45: 24 | Z45: 25 | AA45: 26 | AB45: 27 | AC45: 28 | AD45: 29 | AE45: 30
A46: Héctor Felipe Gracia | B46: M2 + | C46: M2 + | D46: M2 + | E46: M2 + | H46: M2 + | I46: M2 + | J46: M2 + | K46: M2 + | L46: M2 + | O46: M2 + | P46: M2 + | Q46: M2 + | R46: M2 + | S46: M2 + | V46: M2 + | W46: M2 + | X46: M2 + | Y46: M2 + | Z46: M2 + | AC46: M2 + | AD46: M2 + | AE46: M2 +
A47: Fernando I Rubio Ferrer | B47: M2 + | C47: M2 + | D47: M2 + | E47: M2+ Distri Faro | H47: M2 + | I47: M2 + | J47: M2 + | K47: M2 + | L47: M2 + | O47: M2 + | P47: M2 + | Q47: M2 + | R47: M2 + | S47: M2 + | V47: M2 + | W47: M2 + | X47: M2 + | Y47: M2 + | Z47: M2 + | AC47: M2 + | AD47: M2 + | AE47: M2 +
A48: José Miguel Perea Conde | B48: M2 | C48: M2 | D48: M2 | E48: M2 | H48: M2 | I48: M2 | J48: M2 | K48: M2 | L48: M2 | O48: M2 | P48: M2 | Q48: M2 | R48: M2 | S48: M2 | V48: M2 | W48: M2 | X48: M2 | Y48: M2 | Z48: M2 | AC48: M2 | AD48: M2 | AE48: M2
A49: Fernando II Manuel Langreo González | B49: M2 | C49: M2 | D49: M2 | E49: M2 | H49: M2 + | I49: M2 + | J49: M2 + | K49: M2 + | L49: M2 + | O49: M2 | P49: M2 | Q49: M2 | R49: M2 | S49: M2 | V49: M2 + | W49: M2 + | X49: M2 + | Y49: M2 + | Z49: M2 + | AC49: M2 | AD49: M2 | AE49: M2
A50: Mariano Grillo | B50: M1 | C50: M1 | D50: M1 | E50: M1 | H50: M1 | I50: M1 | J50: M1 | K50: M1 | L50: M1 | O50: M2 + | P50: M2 + | Q50: M2 + | R50: M2 + | S50: M2 + | V50: M3 | W50: M3 | X50: M3 | Y50: M3 | Z50: M3 | AA50: G | AB50: G | AC50: M1 | AD50: M1 | AE50: M1
A51: Liviu Lazar | B51: M1 | C51: M1 | D51: M1 | E51: M1 | H51: M2 + | I51: M2 + | J51: M2 + | K51: M2 + | L51: M2 + | O51: M3 | P51: M3 | Q51: M3 | R51: M3 | S51: M3 | T51: G | U51: G | V51: M1 | W51: M1 | X51: M1 | Y51: M1 | Z51: M1 | AC51: M1 | AD51: M1 | AE51: M1
A52: José Luis II de Juan Mejía | B52: M2+ | C52: M2+ | D52: M2+ | E52: M2+ | H52: M3 | I52: M3 | J52: M3 | K52: M3 | L52: M3 | M52: G | N52: G | O52: M1 | P52: M1 | Q52: M1 | R52: M1 | S52: M1 | V52: M1 | W52: M1 | X52: M1 | Y52: M1 | Z52: M1 | AC52: M2+ | AD52: M2+ | AE52: M2+
A53: José Luis I Cartas Velasco | B53: M3 | C53: M3 | D53: M3 | E53: M3 | F53: G | G53: G | H53: M1 | I53: M1 | J53: M1 | K53: M1 | L53: M1 | O53: M1 | P53: M1 | Q53: M1 | R53: M1 | S53: M1 | V53: M2 + | W53: M2 + | X53: M2 + | Y53: M2 + | Z53: M2 + | AC53: M3 | AD53: M3 | AE53: M3

Sheet Turnos Tardes Verano 2025
A1: 45809
B2: Do | C2: Lu | D2: Ma | E2: Mi | F2: Ju | G2: Vi | H2: Sá | I2: Do | J2: Lu | K2: Ma | L2: Mi | M2: Ju | N2: Vi | O2: Sá | P2: Do | Q2: Lu | R2: Ma | S2: Mi | T2: Ju | U2: Vi | V2: Sá | W2: Do | X2: Lu | Y2: Ma | Z2: Mi | AA2: Ju | AB2: Vi | AC2: Sá | AD2: Do | AE2: Lu
A3: Jorge Zamorano | B3: 1 | C3: 2 | D3: 3 | E3: 4 | F3: 5 | G3: 6 | H3: 7 | I3: 8 | J3: 9 | K3: 10 | L3: 11 | M3: 12 | N3: 13 | O3: 14 | P3: 15 | Q3: 16 | R3: 17 | S3: 18 | T3: 19 | U3: 20 | V3: 21 | W3: 22 | X3: 23 | Y3: 24 | Z3: 25 | AA3: 26 | AB3: 27 | AC3: 28 | AD3: 29 | AE3: 30 | AH3: =COUNTIF(B3:AF3,"TT") -> 0
A4: Israel Hurtado | B4: 1 | C4: 2 | D4: 3 | E4: 4 | F4: 5 | G4: 6 | H4: 7 | I4: 8 | J4: 9 | K4: 10 | L4: 11 | M4: 12 | N4: 13 | O4: 14 | P4: 15 | Q4: TT | R4: TT | S4: 18 | T4: 19 | U4: 20 | V4: 21 | W4: 22 | X4: TT | Y4: TT | Z4: TT | AA4: 26 | AB4: 27 | AC4: 28 | AD4: 29 | AE4: TT | AH4: =COUNTIF(B4:AF4,"TT") -> 6
A5: Jose Maria Andres Becerra | B5: 1 | C5: 2 | D5: 3 | E5: 4 | F5: 5 | G5: 6 | H5: 7 | I5: 8 | J5: 9 | K5: 10 | L5: 11 | M5: 12 | N5: 13 | O5: 14 | P5: 15 | Q5: 16 | R5: 17 | S5: TT | T5: 19 | U5: 20 | V5: 21 | W5: 22 | X5: 23 | Y5: 24 | Z5: 25 | AA5: 26 | AB5: 27 | AC5: 28 | AD5: 29 | AE5: 30 | AH5: =COUNTIF(B5:AF5,"TT") -> 1
A6: Daniel Portugues | B6: 1 | C6: 2 | D6: 3 | E6: 4 | F6: 5 | G6: 6 | H6: 7 | I6: 8 | J6: 9 | K6: 10 | L6: 11 | M6: 12 | N6: 13 | O6: 14 | P6: 15 | Q6: 16 | R6: 17 | S6: 18 | T6: 19 | U6: 20 | V6: 21 | W6: 22 | X6: 23 | Y6: 24 | Z6: 25 | AA6: 26 | AB6: 27 | AC6: 28 | AD6: 29 | AE6: 30 | AH6: =COUNTIF(B6:AF6,"TT") -> 0
A7: Eduardo Rodriguez | B7: 1 | C7: 2 | D7: 3 | E7: 4 | F7: 5 | G7: 6 | H7: 7 | I7: 8 | J7: 9 | K7: 10 | L7: 11 | M7: 12 | N7: 13 | O7: 14 | P7: 15 | Q7: 16 | R7: 17 | S7: 18 | T7: 19 | U7: 20 | V7: 21 | W7: 22 | X7: 23 | Y7: 24 | Z7: 25 | AA7: 26 | AB7: 27 | AC7: 28 | AD7: 29 | AE7: 30 | AH7: =COUNTIF(B7:AF7,"TT") -> 0
A8: Fernando Lourido | B8: 1 | C8: 2 | D8: 3 | E8: 4 | F8: 5 | G8: 6 | H8: 7 | I8: 8 | J8: 9 | K8: 10 | L8: 11 | M8: 12 | N8: 13 | O8: 14 | P8: 15 | Q8: 16 | R8: 17 | S8: 18 | T8: 19 | U8: 20 | V8: 21 | W8: 22 | X8: 23 | Y8: 24 | Z8: 25 | AA8: TT | AB8: 27 | AC8: 28 | AD8: 29 | AE8: 30 | AH8: =COUNTIF(B8:AF8,"TT") -> 1
A9: Katherine Llantoy | B9: 1 | C9: 2 | D9: 3 | E9: 4 | F9: 5 | G9: 6 | H9: 7 | I9: 8 | J9: 9 | K9: 10 | L9: 11 | M9: 12 | N9: 13 | O9: 14 | P9: 15 | Q9: 16 | R9: 17 | S9: 18 | T9: TT | U9: 20 | V9: 21 | W9: 22 | X9: 23 | Y9: 24 | Z9: 25 | AA9: 26 | AB9: 27 | AC9: 28 | AD9: 29 | AE9: 30 | AH9: =COUNTIF(B9:AF9,"TT") -> 1
A10: Manuel Cabana Robaina | B10: 1 | C10: 2 | D10: 3 | E10: 4 | F10: 5 | G10: 6 | H10: 7 | I10: 8 | J10: 9 | K10: 10 | L10: 11 | M10: 12 | N10: 13 | O10: 14 | P10: 15 | Q10: 16 | R10: 17 | S10: 18 | T10: 19 | U10: 20 | V10: 21 | W10: 22 | X10: 23 | Y10: 24 | Z10: 25 | AA10: 26 | AB10: 27 | AC10: 28 | AD10: 29 | AE10: 30 | AH10: =COUNTIF(B10:AF10,"TT") -> 0
A12: 45839
B13: Ma | C13: Mi | D13: Ju | E13: Vi | F13: Sá | G13: Do | H13: Lu | I13: Ma | J13: Mi | K13: Ju | L13: Vi | M13: Sá | N13: Do | O13: Lu | P13: Ma | Q13: Mi | R13: Ju | S13: Vi | T13: Sá | U13: Do | V13: Lu | W13: Ma | X13: Mi | Y13: Ju | Z13: Vi | AA13: Sá | AB13: Do | AC13: Lu | AD13: Ma | AE13: Mi | AF13: Ju
A14: Jorge Zamorano | B14: 1 | C14: 2 | D14: 3 | E14: 4 | F14: 5 | G14: 6 | H14: 7 | I14: 8 | J14: 9 | K14: 10 | L14: 11 | M14: 12 | N14: 13 | O14: 14 | P14: 15 | Q14: 16 | R14: TT | S14: 18 | T14: 19 | U14: 20 | V14: 21 | W14: TT | X14: 23 | Y14: 24 | Z14: 25 | AA14: 26 | AB14: 27 | AC14: 28 | AD14: 29 | AE14: 30 | AF14: 31 | AH14: =COUNTIF(B14:AF14,"TT") -> 2
A15: Israel Hurtado | B15: TT | C15: TT | D15: 3 | E15: 4 | F15: 5 | G15: 6 | H15: 7 | I15: 8 | J15: 9 | K15: 10 | L15: 11 | M15: 12 | N15: 13 | O15: 14 | P15: 15 | Q15: 16 | R15: 17 | S15: 18 | T15: 19 | U15: 20 | V15: 21 | W15: 22 | X15: 23 | Y15: 24 | Z15: 25 | AA15: 26 | AB15: 27 | AC15: TT | AD15: TT | AE15: TT | AF15: 31 | AH15: =COUNTIF(B15:AF15,"TT") -> 5
A16: Jose Maria Andres Becerra | B16: 1 | C16: 2 | D16: 3 | E16: 4 | F16: 5 | G16: 6 | H16: 7 | I16: 8 | J16: 9 | K16: 10 | L16: 11 | M16: 12 | N16: 13 | O16: 14 | P16: 15 | Q16: 16 | R16: 17 | S16: 18 | T16: 19 | U16: 20 | V16: 21 | W16: 22 | X16: TT | Y16: 24 | Z16: 25 | AA16: 26 | AB16: 27 | AC16: 28 | AD16: 29 | AE16: 30 | AF16: 31 | AH16: =COUNTIF(B16:AF16,"TT") -> 1
A17: Daniel Portugues | B17: 1 | C17: 2 | D17: TT | E17: 4 | F17: 5 | G17: 6 | H17: TT | I17: 8 | J17: 9 | K17: 10 | L17: 11 | M17: 12 | N17: 13 | O17: 14 | P17: 15 | Q17: 16 | R17: 17 | S17: 18 | T17: 19 | U17: 20 | V17: 21 | W17: 22 | X17: 23 | Y17: 24 | Z17: 25 | AA17: 26 | AB17: 27 | AC17: 28 | AD17: 29 | AE17: 30 | AF17: 31 | AH17: =COUNTIF(B17:AF17,"TT") -> 2
A18: Eduardo Rodriguez | B18: 1 | C18: 2 | D18: 3 | E18: 4 | F18: 5 | G18: 6 | H18: 7 | I18: 8 | J18: TT | K18: 10 | L18: 11 | M18: 12 | N18: 13 | O18: 14 | P18: TT | Q18: 16 | R18: 17 | S18: 18 | T18: 19 | U18: 20 | V18: 21 | W18: 22 | X18: 23 | Y18: 24 | Z18: 25 | AA18: 26 | AB18: 27 | AC18: 28 | AD18: 29 | AE18: 30 | AF18: 31 | AH18: =COUNTIF(B18:AF18,"TT") -> 2
A19: Fernando Lourido | B19: 1 | C19: 2 | D19: 3 | E19: 4 | F19: 5 | G19: 6 | H19: 7 | I19: 8 | J19: 9 | K19: TT | L19: 11 | M19: 12 | N19: 13 | O19: 14 | P19: 15 | Q19: TT | R19: 17 | S19: 18 | T19: 19 | U19: 20 | V19: 21 | W19: 22 | X19: 23 | Y19: 24 | Z19: 25 | AA19: 26 | AB19: 27 | AC19: 28 | AD19: 29 | AE19: 30 | AF19: 31 | AH19: =COUNTIF(B19:AF19,"TT") -> 2
A20: Katherine Llantoy | B20: 1 | C20: 2 | D20: 3 | E20: 4 | F20: 5 | G20: 6 | H20: 7 | I20: 8 | J20: 9 | K20: 10 | L20: 11 | M20: 12 | N20: 13 | O20: TT | P20: 15 | Q20: 16 | R20: 17 | S20: 18 | T20: 19 | U20: 20 | V20: 21 | W20: 22 | X20: 23 | Y20: 24 | Z20: 25 | AA20: 26 | AB20: 27 | AC20: 28 | AD20: 29 | AE20: 30 | AF20: 31 | AH20: =COUNTIF(B20:AF20,"TT") -> 1
A21: Manuel Cabana Robaina | B21: 1 | C21: 2 | D21: 3 | E21: 4 | F21: 5 | G21: 6 | H21: 7 | I21: TT | J21: 9 | K21: 10 | L21: 11 | M21: 12 | N21: 13 | O21: 14 | P21: 15 | Q21: 16 | R21: 17 | S21: 18 | T21: 19 | U21: 20 | V21: 21 | W21: 22 | X21: 23 | Y21: TT | Z21: 25 | AA21: 26 | AB21: 27 | AC21: 28 | AD21: 29 | AE21: 30 | AF21: TT | AH21: =COUNTIF(B21:AF21,"TT") -> 3
A23: 45870
B24: Vi | C24: Sá | D24: Do | E24: Lu | F24: Ma | G24: Mi | H24: Ju | I24: Vi | J24: Sá | K24: Do | L24: Lu | M24: Ma | N24: Mi | O24: Ju | P24: Vi | Q24: Sá | R24: Do | S24: Lu | T24: Ma | U24: Mi | V24: Ju | W24: Vi | X24: Sá | Y24: Do | Z24: Lu | AA24: Ma | AB24: Mi | AC24: Ju | AD24: Vi | AE24: Sá | AF24: Do
A25: Jorge Zamorano | B25: 1 | C25: 2 | D25: 3 | E25: 4 | F25: 5 | G25: 6 | H25: 7 | I25: 8 | J25: 9 | K25: 10 | L25: 11 | M25: 12 | N25: 13 | O25: TT | P25: 15 | Q25: 16 | R25: 17 | S25: 18 | T25: 19 | U25: 20 | V25: 21 | W25: 22 | X25: 23 | Y25: 24 | Z25: 25 | AA25: 26 | AB25: 27 | AC25: 28 | AD25: 29 | AE25: 30 | AF25: 31 | AH25: =COUNTIF(B25:AF25,"TT") -> 1
A26: Israel Hurtado | B26: 1 | C26: 2 | D26: 3 | E26: TT | F26: TT | G26: TT | H26: 7 | I26: 8 | J26: 9 | K26: 10 | L26: TT | M26: TT | N26: TT | O26: 14 | P26: 15 | Q26: 16 | R26: 17 | S26: TT | T26: TT | U26: TT | V26: 21 | W26: 22 | X26: 23 | Y26: 24 | Z26: TT | AA26: TT | AB26: TT | AC26: 28 | AD26: 29 | AE26: 30 | AF26: 31 | AH26: =COUNTIF(B26:AF26,"TT") -> 12
A27: Jose Maria Andres Becerra | B27: 1 | C27: 2 | D27: 3 | E27: 4 | F27: 5 | G27: 6 | H27: TT | I27: 8 | J27: 9 | K27: 10 | L27: 11 | M27: 12 | N27: 13 | O27: 14 | P27: 15 | Q27: 16 | R27: 17 | S27: 18 | T27: 19 | U27: 20 | V27: 21 | W27: 22 | X27: 23 | Y27: 24 | Z27: 25 | AA27: 26 | AB27: 27 | AC27: 28 | AD27: 29 | AE27: 30 | AF27: 31 | AH27: =COUNTIF(B27:AF27,"TT") -> 1
A28: Daniel Portugues | B28: 1 | C28: 2 | D28: 3 | E28: 4 | F28: 5 | G28: 6 | H28: 7 | I28: 8 | J28: 9 | K28: 10 | L28: 11 | M28: 12 | N28: 13 | O28: 14 | P28: 15 | Q28: 16 | R28: 17 | S28: 18 | T28: 19 | U28: 20 | V28: 21 | W28: 22 | X28: 23 | Y28: 24 | Z28: 25 | AA28: 26 | AB28: 27 | AC28: TT | AD28: 29 | AE28: 30 | AF28: 31 | AH28: =COUNTIF(B28:AF28,"TT") -> 1
A29: Eduardo Rodriguez | B29: 1 | C29: 2 | D29: 3 | E29: 4 | F29: 5 | G29: 6 | H29: 7 | I29: 8 | J29: 9 | K29: 10 | L29: 11 | M29: 12 | N29: 13 | O29: 14 | P29: 15 | Q29: 16 | R29: 17 | S29: 18 | T29: 19 | U29: 20 | V29: TT | W29: 22 | X29: 23 | Y29: 24 | Z29: 25 | AA29: 26 | AB29: 27 | AC29: 28 | AD29: 29 | AE29: 30 | AF29: 31 | AH29: =COUNTIF(B29:AF29,"TT") -> 1
A30: Fernando Lourido | B30: 1 | C30: 2 | D30: 3 | E30: 4 | F30: 5 | G30: 6 | H30: 7 | I30: 8 | J30: 9 | K30: 10 | L30: 11 | M30: 12 | N30: 13 | O30: 14 | P30: 15 | Q30: 16 | R30: 17 | S30: 18 | T30: 19 | U30: 20 | V30: 21 | W30: 22 | X30: 23 | Y30: 24 | Z30: 25 | AA30: 26 | AB30: 27 | AC30: 28 | AD30: 29 | AE30: 30 | AF30: 31 | AH30: =COUNTIF(B30:AF30,"TT") -> 0
A31: Katherine Llantoy | B31: 1 | C31: 2 | D31: 3 | E31: 4 | F31: 5 | G31: 6 | H31: 7 | I31: 8 | J31: 9 | K31: 10 | L31: 11 | M31: 12 | N31: 13 | O31: 14 | P31: 15 | Q31: 16 | R31: 17 | S31: 18 | T31: 19 | U31: 20 | V31: 21 | W31: 22 | X31: 23 | Y31: 24 | Z31: 25 | AA31: 26 | AB31: 27 | AC31: 28 | AD31: 29 | AE31: 30 | AF31: 31 | AH31: =COUNTIF(B31:AF31,"TT") -> 0
A32: Manuel Cabana Robaina | B32: 1 | C32: 2 | D32: 3 | E32: 4 | F32: 5 | G32: 6 | H32: 7 | I32: 8 | J32: 9 | K32: 10 | L32: 11 | M32: 12 | N32: 13 | O32: 14 | P32: 15 | Q32: 16 | R32: 17 | S32: 18 | T32: 19 | U32: 20 | V32: 21 | W32: 22 | X32: 23 | Y32: 24 | Z32: 25 | AA32: 26 | AB32: 27 | AC32: 28 | AD32: 29 | AE32: 30 | AF32: 31 | AH32: =COUNTIF(B32:AF32,"TT") -> 0
A34: 45901
B35: Lu | C35: Ma | D35: Mi | E35: Ju | F35: Vi | G35: Sá | H35: Do | I35: Lu | J35: Ma | K35: Mi | L35: Ju | M35: Vi | N35: Sá | O35: Do | P35: Lu | Q35: Ma | R35: Mi | S35: Ju | T35: Vi | U35: Sá | V35: Do | W35: Lu | X35: Ma | Y35: Mi | Z35: Ju | AA35: Vi | AB35: Sá | AC35: Do | AD35: Lu | AE35: Ma
A36: Jorge Zamorano | B36: 1 | C36: 2 | D36: 3 | E36: 4 | F36: 5 | G36: 6 | H36: 7 | I36: 8 | J36: 9 | K36: 10 | L36: 11 | M36: 12 | N36: 13 | O36: 14 | P36: 15 | Q36: 16 | R36: 17 | S36: 18 | T36: 19 | U36: 20 | V36: 21 | W36: 22 | X36: 23 | Y36: 24 | Z36: 25 | AA36: 26 | AB36: 27 | AC36: 28 | AD36: 29 | AE36: 30 | AH36: =COUNTIF(B36:AF36,"TT") -> 0
A37: Israel Hurtado | B37: TT | C37: TT | D37: TT | E37: 4 | F37: 5 | G37: 6 | H37: 7 | I37: TT | J37: TT | K37: TT | L37: 11 | M37: 12 | N37: 13 | O37: 14 | P37: 15 | Q37: 16 | R37: 17 | S37: 18 | T37: 19 | U37: 20 | V37: 21 | W37: 22 | X37: 23 | Y37: 24 | Z37: 25 | AA37: 26 | AB37: 27 | AC37: 28 | AD37: 29 | AE37: 30 | AH37: =COUNTIF(B37:AF37,"TT") -> 6
A38: Jose Maria Andres Becerra | B38: 1 | C38: 2 | D38: 3 | E38: TT | F38: 5 | G38: 6 | H38: 7 | I38: 8 | J38: 9 | K38: 10 | L38: 11 | M38: 12 | N38: 13 | O38: 14 | P38: 15 | Q38: 16 | R38: 17 | S38: 18 | T38: 19 | U38: 20 | V38: 21 | W38: 22 | X38: 23 | Y38: 24 | Z38: 25 | AA38: 26 | AB38: 27 | AC38: 28 | AD38: 29 | AE38: 30 | AH38: =COUNTIF(B38:AF38,"TT") -> 1
A39: Daniel Portugues | B39: 1 | C39: 2 | D39: 3 | E39: 4 | F39: 5 | G39: 6 | H39: 7 | I39: 8 | J39: 9 | K39: 10 | L39: 11 | M39: 12 | N39: 13 | O39: 14 | P39: 15 | Q39: 16 | R39: 17 | S39: 18 | T39: 19 | U39: 20 | V39: 21 | W39: 22 | X39: 23 | Y39: 24 | Z39: 25 | AA39: 26 | AB39: 27 | AC39: 28 | AD39: 29 | AE39: 30 | AH39: =COUNTIF(B39:AF39,"TT") -> 0
A40: Eduardo Rodriguez | B40: 1 | C40: 2 | D40: 3 | E40: 4 | F40: 5 | G40: 6 | H40: 7 | I40: 8 | J40: 9 | K40: 10 | L40: 11 | M40: 12 | N40: 13 | O40: 14 | P40: 15 | Q40: 16 | R40: 17 | S40: 18 | T40: 19 | U40: 20 | V40: 21 | W40: 22 | X40: 23 | Y40: 24 | Z40: 25 | AA40: 26 | AB40: 27 | AC40: 28 | AD40: 29 | AE40: 30 | AH40: =COUNTIF(B40:AF40,"TT") -> 0
A41: Fernando Lourido | B41: 1 | C41: 2 | D41: 3 | E41: 4 | F41: 5 | G41: 6 | H41: 7 | I41: 8 | J41: 9 | K41: 10 | L41: 11 | M41: 12 | N41: 13 | O41: 14 | P41: 15 | Q41: 16 | R41: 17 | S41: 18 | T41: 19 | U41: 20 | V41: 21 | W41: 22 | X41: 23 | Y41: 24 | Z41: 25 | AA41: 26 | AB41: 27 | AC41: 28 | AD41: 29 | AE41: 30 | AH41: =COUNTIF(B41:AF41,"TT") -> 0
A42: Katherine Llantoy | B42: 1 | C42: 2 | D42: 3 | E42: 4 | F42: 5 | G42: 6 | H42: 7 | I42: 8 | J42: 9 | K42: 10 | L42: TT | M42: 12 | N42: 13 | O42: 14 | P42: 15 | Q42: 16 | R42: 17 | S42: 18 | T42: 19 | U42: 20 | V42: 21 | W42: 22 | X42: 23 | Y42: 24 | Z42: 25 | AA42: 26 | AB42: 27 | AC42: 28 | AD42: 29 | AE42: 30 | AH42: =COUNTIF(B42:AF42,"TT") -> 1
A43: Manuel Cabana Robaina | B43: 1 | C43: 2 | D43: 3 | E43: 4 | F43: 5 | G43: 6 | H43: 7 | I43: 8 | J43: 9 | K43: 10 | L43: 11 | M43: 12 | N43: 13 | O43: 14 | P43: 15 | Q43: 16 | R43: 17 | S43: 18 | T43: 19 | U43: 20 | V43: 21 | W43: 22 | X43: 23 | Y43: 24 | Z43: 25 | AA43: 26 | AB43: 27 | AC43: 28 | AD43: 29 | AE43: 30 | AH43: =COUNTIF(B43:AF43,"TT") -> 0
A46: Jorge Zamorano | B46: =AH3+AH14+AH25+AH36 -> 3
A47: Israel Hurtado | B47: =AH4+AH15+AH26+AH37 -> 29
A48: Jose Maria Andres Becerra | B48: =AH5+AH16+AH27+AH38 -> 4
A49: Daniel Portugues | B49: =AH6+AH17+AH28+AH39 -> 3
A50: Eduardo Rodriguez | B50: =AH7+AH18+AH29+AH40 -> 3
A51: Fernando Lourido | B51: =AH8+AH19+AH30+AH41 -> 3
A52: Katherine Llantoy | B52: =AH9+AH20+AH31+AH42 -> 3
A53: Manuel Cabana Robaina | B53: =AH10+AH21+AH32+AH43 -> 3

Sheet Listado Personas
A1: Networking | B1: Daniel Portugues Moncalvillo
A2: Networking | B2: Eduardo Rodriguez Izquierdo
A3: Networking | B3: Fernando Manuel Langreo Gonzalez
A4: Networking | B4: Fernando Miguel Lourido Doñoro
A5: Networking | B5: Fernando Rubio Ferrer
A6: Networking | B6: Francisco de Asis Miralles Argente
A7: Networking | B7: Israel Hurtado Arribas
A8: Networking | B8: Jose Maria Andres Becerra
A9: Proyectos | B9: Francisco Javier Pastor Portillo
A10: Proyectos | B10: Vicente Sanchez Cañadilla
A11: Voz | B11: Alfonso Gomez Calzado
A12: Voz | B12: Francisco Javier Puertas de la Plaza
A13: Voz | B13: José María Moreno Moreno

Sheet Calendario Interven Formu
A1: Mes | B1: Dia | C1: Dia | D1: Técnico | F1: Hora Incio | G1: Fin | H1: Id Cambio | I1: Descripción | J1: Grupos de Soporte
A2: Septiembre | B2: Viernes | C2: 44805 | D2: =IF(ISBLANK(VLOOKUP($C2,'Intervenciones Networking'!$C:$J,3,FALSE)),"",VLOOKUP($C2,'Intervenciones Networking'!$C:$J,3,FALSE)) | E2: Networking | F2: =IF(ISBLANK(VLOOKUP($C2,'Intervenciones Networking'!$C:$J,4,FALSE)),"",VLOOKUP($C2,'Intervenciones Networking'!$C:$J,4,FALSE)) | G2: =IF(ISBLANK(VLOOKUP($C2,'Intervenciones Networking'!$C:$J,4,FALSE)),"",VLOOKUP($C2,'Intervenciones Networking'!$C:$J,4,FALSE)) | H2: =IF(ISBLANK(VLOOKUP($C2,'Intervenciones Networking'!$C:$J,6,FALSE)),"",VLOOKUP($C2,'Intervenciones Networking'!$C:$J,6,FALSE)) | I2: =IF(ISBLANK(VLOOKUP($C2,'Intervenciones Networking'!$C:$J,4,FALSE)),"",VLOOKUP($C2,'Intervenciones Networking'!$C:$J,4,FALSE)) | J2: =VLOOKUP($C2,'Intervenciones Networking'!$C:$J,8,FALSE) -> 0
A3: Septiembre | B3: Viernes | C3: 44805 | D3: Alfonso Gomez Calzado | E3: Voz
A4: Septiembre | B4: Sabado | C4: 44806 | D4: =IF(ISBLANK(VLOOKUP($C4,'Intervenciones Networking'!$C:$J,3,FALSE)),"",VLOOKUP($C4,'Intervenciones Networking'!$C:$J,3,FALSE)) | E4: Networking | F4: =IF(ISBLANK(VLOOKUP($C4,'Intervenciones Networking'!$C:$J,4,FALSE)),"",VLOOKUP($C4,'Intervenciones Networking'!$C:$J,4,FALSE)) | G4: =IF(ISBLANK(VLOOKUP($C4,'Intervenciones Networking'!$C:$J,4,FALSE)),"",VLOOKUP($C4,'Intervenciones Networking'!$C:$J,4,FALSE)) | H4: =IF(ISBLANK(VLOOKUP($C4,'Intervenciones Networking'!$C:$J,6,FALSE)),"",VLOOKUP($C4,'Intervenciones Networking'!$C:$J,6,FALSE)) | I4: =IF(ISBLANK(VLOOKUP($C4,'Intervenciones Networking'!$C:$J,4,FALSE)),"",VLOOKUP($C4,'Intervenciones Networking'!$C:$J,4,FALSE)) | J4: =VLOOKUP($C4,'Intervenciones Networking'!$C:$J,8,FALSE) -> 0
A5: Septiembre | B5: Sabado | C5: 44806 | D5: José María Moreno Moreno | E5: Voz
